clean_symbol,token,name
ICICI1INAV,10050,ICICI1INAV
EMAMIPAP,10074,EMAMIPAP
MAM150INAV,10110,MAM150INAV
ADANIENSOL,10217,ADANIENSOL
MON100INAV,10130,MON100INAV
AYMSYNTEX,10285,AYMSYNTEX
AURUM,10310,AURUM
POWERMECH,10473,POWERMECH
NIFTYBETA,10511,NIFTYBETA
SENSEXBETA,10515,SENSEXBETA
KRBL,10577,KRBL
HDFCNIF100,10633,HDFCNIF100
OAL,10768,OAL
APTECHT,10755,APTECHT
MOQUALITY,10822,MOQUALITY
DIVISLAB,10940,DIVISLAB
BANKIETF,11037,BANKIETF
DANGEE,1110,DANGEE
APOLLO,1134,APOLLO
IGL,11262,IGL
PTC,11355,PTC
POONAWALLA,11403,POONAWALLA
BANKBEES,11439,BANKBEES
LICNETFSEN,11441,LICNETFSEN
GIPCL,1145,GIPCL
HDFCLOWVOL,11547,HDFCLOWVOL
ASTRAMICRO,11618,ASTRAMICRO
GNFC,1174,GNFC
JINDALPHOT,11743,JINDALPHOT
SAKSOFT,11794,SAKSOFT
SSWL,11829,SSWL
JKPAPER,11860,JKPAPER
JSWHL,11880,JSWHL
GENUSPOWER,11905,GENUSPOWER
ESG,1200,ESG
MSPL,11919,MSPL
IMPAL,12009,IMPAL
SUZLON,12018,SUZLON
DELTAMAGNT,1214,DELTAMAGNT
VINNY,12490,VINNY
DHARMAJ,13001,DHARMAJ
SAFARI,13035,SAFARI
EBB433INAV,13168,EBB433INAV
NITINSPIN,13175,NITINSPIN
ENIL,13192,ENIL
JKCEMENT,13270,JKCEMENT
BLKASHYAP,13290,BLKASHYAP
VAKRANGEE,13342,VAKRANGEE
GPIL,13409,GPIL
RATNAMANI,13451,RATNAMANI
PIONEEREMB,13463,PIONEEREMB
TECHM,13538,TECHM
ATLANTAA,13585,ATLANTAA
GEECEE,13658,GEECEE
NFL,13925,NFL
SAGCEM,14068,SAGCEM
GLOBAL,1415,GLOBAL
AUTOIND,14106,AUTOIND
HDFCMID150,14236,HDFCMID150
REDINGTON,14255,REDINGTON
INDIANB,14309,INDIANB
SMSPHARMA,14329,SMSPHARMA
LAOPALA,14423,LAOPALA
GOLDBEES,14428,GOLDBEES
THEMISMED,14485,THEMISMED
BIRLANU,1455,BIRLANU
ZENITHSTL,14562,ZENITHSTL
AKZOINDIA,1467,AKZOINDIA
KMSUGAR,14667,KMSUGAR
HGS,14712,HGS
031NSETEST,14753,031NSETEST
081NSETEST,14767,081NSETEST
161NSETEST,14784,161NSETEST
SPARC,14788,SPARC
WSI,14828,WSI
GOLD1,14858,GOLD1
ASIANTILES,14889,ASIANTILES
PURVA,14922,PURVA
LAL,14924,LAL
MOTILALOFS,14947,MOTILALOFS
MAG813INAV,14953,MAG813INAV
AVALON,15058,AVALON
MADHAV,15151,MADHAV
KIRLPNU,15180,KIRLPNU
UJJIVANSFB,15228,UJJIVANSFB
RPOWER,15259,RPOWER
VIRINCHI,15295,VIRINCHI
VGUARD,15362,VGUARD
RACE,15391,RACE
DPSCLTD,15419,DPSCLTD
RVHL,1565,RVHL
PIGL,15716,PIGL
IPCALAB,1633,IPCALAB
LPDC,16863,LPDC
ARTEMISMED,16913,ARTEMISMED
ASHOKAMET,16943,ASHOKAMET
TPHQ,16996,TPHQ
THYROCARE,17032,THYROCARE
PALREDTEC,17062,PALREDTEC
BANKETF,17419,BANKETF
LIQUID,17572,LIQUID
EXPLEOSOL,17486,EXPLEOSOL
AMRUTANJAN,17547,AMRUTANJAN
SHILPAMED,17752,SHILPAMED
GROBTEA,17770,GROBTEA
ICIQ30INAV,17822,ICIQ30INAV
JSWENERGY,17869,JSWENERGY
GATECH,17888,GATECH
NESTLEIND,17963,NESTLEIND
TRF,17987,TRF
WHIRLPOOL,18011,WHIRLPOOL
VLEGOV,18012,VLEGOV
KPIL,1814,KPIL
KABRAEXTRU,1805,KABRAEXTRU
DOLPHIN,18139,DOLPHIN
JIOFIN,18143,JIOFIN
NDGL,18371,NDGL
ISFT,18479,ISFT
DIACABS,18543,DIACABS
RRKABEL,18566,RRKABEL
MASKINVEST,18727,MASKINVEST
IDFNIFTYET,18783,IDFNIFTYET
TARAPUR,18827,TARAPUR
RAJRATAN,18962,RAJRATAN
KOTAKBANK,1922,KOTAKBANK
AARTISURF,19233,AARTISURF
KSB,1949,KSB
BOROLTD,19401,BOROLTD
BHANDARI,19556,BHANDARI
UGARSUGAR,19578,UGARSUGAR
BLUEJET,19686,BLUEJET
WELINV,19800,WELINV
KILITCH,19937,KILITCH
LICHSGFIN,1997,LICHSGFIN
SASTASUNDR,20063,SASTASUNDR
ARIHANTSUP,20159,ARIHANTSUP
WABAG,20188,WABAG
COALINDIA,20374,COALINDIA
SCHAND,20698,SCHAND
BHAGYANGR,20776,BHAGYANGR
HUDCO,20825,HUDCO
RBZJEWEL,20874,RBZJEWEL
MASTEK,2124,MASTEK
LOWVOLIETF,21254,LOWVOLIETF
SUMMITSEC,21275,SUMMITSEC
BBETF0INAV,10021,BBETF0INAV
ICICI2INAV,10028,ICICI2INAV
SETF10INAV,10155,SETF10INAV
SETFNIF50,10176,SETFNIF50
MANORAMA,10227,MANORAMA
CSLFINANCE,10350,CSLFINANCE
NIFTYBEES,10576,NIFTYBEES
FOSECOIND,1073,FOSECOIND
NOIDATOLL,10786,NOIDATOLL
OMAXAUTO,10922,OMAXAUTO
STCINDIA,10948,STCINDIA
MARUTI,10999,MARUTI
SUMIT,11140,SUMIT
GTECJAINX,1129,GTECJAINX
BIOCON,11373,BIOCON
SALZERELEC,11399,SALZERELEC
ULTRACEMCO,11532,ULTRACEMCO
HDFCMOMENT,11538,HDFCMOMENT
DCI,11566,DCI
TRACXN,11582,TRACXN
GMBREW,1168,GMBREW
JPPOWER,11763,JPPOWER
ALLDIGI,11798,ALLDIGI
WELCORP,11821,WELCORP
VIVIMEDLAB,11965,VIVIMEDLAB
ICIL,11987,ICIL
GSFC,1247,GSFC
DSPN50INAV,10004,DSPN50INAV
EBBE30INAV,10016,EBBE30INAV
ICICI5INAV,10048,ICICI5INAV
STEELCITY,10406,STEELCITY
OLECTRA,10637,OLECTRA
SHREEPUSHK,10588,SHREEPUSHK
INDIAMART,10726,INDIAMART
DREAMFOLKS,10859,DREAMFOLKS
TMB,10945,TMB
RADICO,10990,RADICO
HARSHA,11162,HARSHA
COFFEEDAY,11165,COFFEEDAY
JSL,11236,JSL
HDFCGROWTH,11241,HDFCGROWTH
PETRONET,11351,PETRONET
TIPSFILMS,11374,TIPSFILMS
KRITINUT,11432,KRITINUT
TCS,11536,TCS
GTL,1162,GTL
KOTARISUG,11647,KOTARISUG
SHOPERSTOP,11813,SHOPERSTOP
AMBER,1185,AMBER
PRIMESECU,11864,PRIMESECU
MANINDS,11884,MANINDS
YESBANK,11915,YESBANK
SYNCOMF,11992,SYNCOMF
ACI,12024,ACI
HNDFDS,12173,HNDFDS
TEAMLEASE,12716,TEAMLEASE
HYBRIDFIN,12809,HYBRIDFIN
CELEBRITY,13162,CELEBRITY
SAKUMA,13251,SAKUMA
LANDMARK,13276,LANDMARK
GALLANTT,13337,GALLANTT
MUNJALAU,13511,MUNJALAU
EMAMILTD,13517,EMAMILTD
AERONEU,13689,AERONEU
GTLINFRA,13745,GTLINFRA
LTFOODS,13816,LTFOODS
SOBHA,13826,SOBHA
MMFL,13844,MMFL
HIRECT,13890,HIRECT
PLASTIBLEN,13920,PLASTIBLEN
PARACABLES,13951,PARACABLES
GANDHITUBE,14116,GANDHITUBE
PITTIENG,14134,PITTIENG
NINSYS,14194,NINSYS
VIYASH,14296,VIYASH
OSWALSEEDS,14305,OSWALSEEDS
APOLLOPIPE,14361,APOLLOPIPE
IDEA,14366,IDEA
GODREJAGRO,144,GODREJAGRO
JKTYRE,14435,JKTYRE
NAHARPOLY,14445,NAHARPOLY
GOLDBETA,14535,GOLDBETA
TGBHOTELS,14607,TGBHOTELS
LOWVOL,14786,LOWVOL
DECCANCE,14838,DECCANCE
IFBIND,1485,IFBIND
KDDL,14908,KDDL
IFCI,1491,IFCI
MAANALU,15017,MAANALU
ENERGYDEV,15049,ENERGYDEV
ADANIPORTS,15083,ADANIPORTS
PATINTLOG,15219,PATINTLOG
RAIN,15337,RAIN
SHALPAINTS,15342,SHALPAINTS
HCG,15555,HCG
TARC,1581,TARC
BHARATWIRE,16123,BHARATWIRE
PAVNAIND,16192,PAVNAIND
ITC,1660,ITC
ANIKINDS,16657,ANIKINDS
BAJAJ-AUTO,16669,BAJAJ-AUTO
IVP,1681,IVP
VINYLINDIA,16821,VINYLINDIA
20MICRONS,16921,20MICRONS
CROMPTON,17094,CROMPTON
JAYSREETEA,1720,JAYSREETEA
NHPC,17400,NHPC
MAHEPC,17603,MAHEPC
PSUBANKADD,17616,PSUBANKADD
NIITMTS,17747,NIITMTS
REFEX,17764,REFEX
TREL,17795,TREL
QUAL30IETF,17808,QUAL30IETF
LTM,17818,LTM
KANPRPLA,1782,KANPRPLA
DBCORP,17881,DBCORP
ADVENZYMES,18039,ADVENZYMES
CONCORDBIO,18060,CONCORDBIO
NIFTY1,18102,NIFTY1
DBREALTY,18124,DBREALTY
ORIENTLTD,18208,ORIENTLTD
KAMATHOTEL,1826,KAMATHOTEL
VPRPL,18341,VPRPL
PERSISTENT,18365,PERSISTENT
POWERINDIA,18457,POWERINDIA
KESORAMIND,1859,KESORAMIND
MAZDA,18866,MAZDA
KSL,18889,KSL
KINGFA,18944,KINGFA
MANAPPURAM,19061,MANAPPURAM
G1NSETEST,12842,G1NSETEST
VIMTALABS,13101,VIMTALABS
REPRO,13126,REPRO
INDOTECH,13275,INDOTECH
AFSL,13288,AFSL
HDFCBANK,1333,HDFCBANK
KEI,13310,KEI
SGL,13367,SGL
AVONMORE,13557,AVONMORE
GRINDWELL,13560,GRINDWELL
ANANTRAJ,13620,ANANTRAJ
BANKADD,13644,BANKADD
NRL,13675,NRL
DONEAR,13839,DONEAR
VENUSREM,13859,VENUSREM
LIQUID1,13950,LIQUID1
VEEDOL,14019,VEEDOL
SARLAPOLY,14043,SARLAPOLY
HINDPETRO,1406,HINDPETRO
SANGHVIMOV,14058,SANGHVIMOV
PTL,14101,PTL
UNOMINDA,14154,UNOMINDA
CTE,14218,CTE
HBS500INAV,14239,HBS500INAV
GANESHHOU,14339,GANESHHOU
BANSWRAS,14511,BANSWRAS
SRHHYPOLTD,14582,SRHHYPOLTD
PSUBNKIETF,14584,PSUBNKIETF
ALPHAGEO,14597,ALPHAGEO
NELCAST,14761,NELCAST
101NSETEST,14772,101NSETEST
MOGSEC,1507,MOGSEC
KALYANIFRG,15156,KALYANIFRG
BIRLAMONEY,15239,BIRLAMONEY
CEATLTD,15254,CEATLTD
RECLTD,15355,RECLTD
GILLETTE,1576,GILLETTE
EBBETF0430,16253,EBBETF0430
LINDEINDIA,1627,LINDEINDIA
SUNDROP,1663,SUNDROP
QNIFTY,16819,QNIFTY
JBCHEPHARM,1726,JBCHEPHARM
SENCO,17271,SENCO
MHRIL,17333,MHRIL
GLOBUSSPR,17424,GLOBUSSPR
NETWEB,17433,NETWEB
SETCO,17514,SETCO
JINDALPOLY,1756,JINDALPOLY
SUNTECK,17641,SUNTECK
LTGILTBEES,17700,LTGILTBEES
DEN,17722,DEN
ASTEC,17728,ASTEC
YATHARTH,17738,YATHARTH
LLOYDSENGG,17801,LLOYDSENGG
JYOTISTRUC,1802,JYOTISTRUC
COHANCE,17945,COHANCE
EMMBI,18142,EMMBI
KECL,18220,KECL
LORDSCHLO,18232,LORDSCHLO
SPAL,18252,SPAL
KANORICHEM,1835,KANORICHEM
NIM150INAV,18353,NIM150INAV
NUVAMA,18721,NUVAMA
ENDURANCE,18822,ENDURANCE
VERTOZ,18863,VERTOZ
VBL,18921,VBL
MVGJL,19015,MVGJL
SILLYMONKS,19097,SILLYMONKS
HISARMETAL,19322,HISARMETAL
IRMENERGY,19597,IRMENERGY
ITETF,19633,ITETF
ALPHAETF,19640,ALPHAETF
RADIOCITY,19877,RADIOCITY
AHLADA,2004,AHLADA
INTENTECH,20071,INTENTECH
TASTYBITE,20092,TASTYBITE
UNIDT,201,UNIDT
CANTABIL,20160,CANTABIL
LUMAXIND,2018,LUMAXIND
SHAH,20296,SHAH
FEDFINA,20322,FEDFINA
CGCL,20329,CGCL
FLAIR,20372,FLAIR
HOMEFIRST,2056,HOMEFIRST
SUPERHOUSE,20616,SUPERHOUSE
JINDWORLD,20642,JINDWORLD
MOTISONS,20788,MOTISONS
MARALOVER,2112,MARALOVER
COCHINSHIP,21508,COCHINSHIP
EBBE23INAV,10012,EBBE23INAV
SCHAEFFLER,1011,SCHAEFFLER
MOM100INAV,10122,MOM100INAV
MOM50INAV,10127,MOM50INAV
SHYAMCENT,10188,SHYAMCENT
SHAREINDIA,104,SHAREINDIA
MUTHOOTCAP,10415,MUTHOOTCAP
LUPIN,10440,LUPIN
MOHEALTH,10508,MOHEALTH
MPSLTD,10578,MPSLTD
TEAMGTY,10717,TEAMGTY
SPORTKING,10733,SPORTKING
UNIONBANK,10753,UNIONBANK
NUCLEUS,10791,NUCLEUS
GRMOVER,10871,GRMOVER
HDFCSILVER,10876,HDFCSILVER
GENESYS,10905,GENESYS
CNL,11155,CNL
INDORAMA,10993,INDORAMA
INDIGO,11195,INDIGO
HDFCVALUE,11260,HDFCVALUE
GHCL,1127,GHCL
SIL,11297,SIL
EXCELINDUS,11471,EXCELINDUS
FORCEMOT,11573,FORCEMOT
EMIL,11530,EMIL
COFORGE,11543,COFORGE
GUFICBIO,11606,GUFICBIO
NTPC,11630,NTPC
DWARKESH,11667,DWARKESH
XCHANGING,11705,XCHANGING
JSWSTEEL,11723,JSWSTEEL
GOKEX,11778,GOKEX
EVEREADY,11782,EVEREADY
GRANULES,11872,GRANULES
VHL,11892,VHL
RML,11975,RML
RUSTOMJEE,12219,RUSTOMJEE
MBAPL,12686,MBAPL
GFLLIMITED,1289,GFLLIMITED
NAHARINDUS,13106,NAHARINDUS
GALAXYSURF,1315,GALAXYSURF
PVRINOX,13147,PVRINOX
GSPL,13197,GSPL
VISASTEEL,13295,VISASTEEL
CENTURYPLY,13305,CENTURYPLY
SOLARINDS,13332,SOLARINDS
ELIN,13423,ELIN
NECCLTD,13522,NECCLTD
RAMANEWS,13565,RAMANEWS
VOLTAMP,13577,VOLTAMP
ALICON,13656,ALICON
MADHUCON,13671,MADHUCON
PARSVNATH,13791,PARSVNATH
BAIDFIN,13794,BAIDFIN
KAMOPAINTS,13814,KAMOPAINTS
RUCHIRA,13821,RUCHIRA
KUANTUM,13870,KUANTUM
JINDRILL,13875,JINDRILL
HINDUNILVR,1394,HINDUNILVR
HINDZINC,1424,HINDZINC
HSM250INAV,14243,HSM250INAV
TVSSRICHAK,14245,TVSSRICHAK
HSCL,14334,HSCL
AMDIND,14398,AMDIND
RAJTV,14403,RAJTV
NCLIND,14490,NCLIND
HILTON,14627,HILTON
GUJAPOLLO,14677,GUJAPOLLO
TIMETECHNO,14707,TIMETECHNO
041NSETEST,14755,041NSETEST
111NSETEST,14774,111NSETEST
151NSETEST,14782,151NSETEST
OMAXE,14853,OMAXE
SHIVAMILLS,1497,SHIVAMILLS
KSCL,14972,KSCL
RELIGARE,15068,RELIGARE
ASTERDM,1508,ASTERDM
EDELWEISS,15119,EDELWEISS
JYOTHYLAB,15146,JYOTHYLAB
INDIACEM,1515,INDIACEM
HITECHCORP,15161,HITECHCORP
APCOTEXIND,154,APCOTEXIND
JKIL,15266,JKIL
TITAGARH,15414,TITAGARH
ACL,15420,ACL
GMMPFAUDLR,1570,GMMPFAUDLR
PTCIL,16682,PTCIL
LOTUSEYE,16807,LOTUSEYE
INDBANK,16933,INDBANK
ALKALI,16959,ALKALI
ARMANFIN,17263,ARMANFIN
NAGAFERT,17295,NAGAFERT
UTKARSHBNK,17358,UTKARSHBNK
INCREDIBLE,17507,INCREDIBLE
DAMODARIND,17541,DAMODARIND
ZYDUSWELL,17635,ZYDUSWELL
POKARNA,17651,POKARNA
GPTINFRA,17685,GPTINFRA
REDTAPE,17859,REDTAPE
SBFC,18026,SBFC
VASCONEQ,18110,VASCONEQ
THANGAMAYL,18118,THANGAMAYL
TEXMOPIPES,18214,TEXMOPIPES
PYRAMID,18250,PYRAMID
HDFCLIQUID,18279,HDFCLIQUID
LGBBROSLTD,18321,LGBBROSLTD
KARURVYSYA,1838,KARURVYSYA
MOM50,19289,MOM50
SPCENET,19372,SPCENET
DMART,19913,DMART
EGOLD,19933,EGOLD
RAMKY,20134,RAMKY
JWL,20224,JWL
TATATECH,20293,TATATECH
NACLIND,20425,NACLIND
ASHIMASYN,206,ASHIMASYN
AXISGOLD,20532,AXISGOLD
INOXINDIA,20607,INOXINDIA
PSPPROJECT,20877,PSPPROJECT
KIRLOSENG,20936,KIRLOSENG
MANGLMCEM,2106,MANGLMCEM
ERIS,21154,ERIS
AUBANK,21238,AUBANK
AVADHSUGAR,21406,AVADHSUGAR
SIS,21501,SIS
TCPLPACK,184,TCPLPACK
ASIANHOTNR,18422,ASIANHOTNR
TVVISION,18504,TVVISION
GNA,18571,GNA
KIOCL,19126,KIOCL
SFL,19184,SFL
EMAMIREAL,19277,EMAMIREAL
TERASOFT,19292,TERASOFT
TICL,19501,TICL
PRICOLLTD,19631,PRICOLLTD
GPPL,19731,GPPL
ESAFSFB,19878,ESAFSFB
OBEROIRLTY,20242,OBEROIRLTY
INDIGOPNTS,2048,INDIGOPNTS
WIPL,20481,WIPL
CHENNPETRO,2049,CHENNPETRO
PENIND,20621,PENIND
JAMNAAUTO,20778,JAMNAAUTO
MUTHOOTMF,20831,MUTHOOTMF
MAHSEAMLES,2088,MAHSEAMLES
ZEELEARN,20852,ZEELEARN
INNOVACAP,21062,INNOVACAP
DIGIDRIVE,21247,DIGIDRIVE
DYNPRO,21314,DYNPRO
MAGADSUGAR,21392,MAGADSUGAR
MFSL,2142,MFSL
MOM100,21423,MOM100
TATSILV,21428,TATSILV
OPTIEMUS,21469,OPTIEMUS
HALEOSLABS,21551,HALEOSLABS
BRNL,21683,BRNL
MATRIMONY,21726,MATRIMONY
GENCON,2188,GENCON
HFCL,21951,HFCL
WORTHPERI,22277,WORTHPERI
ALPL30IETF,22344,ALPL30IETF
MOREPENLAB,2259,MOREPENLAB
VSTL,22730,VSTL
SMALLCAP,22832,SMALLCAP
GOLDCASE,22901,GOLDCASE
JGCHEM,23056,JGCHEM
NCC,2319,NCC
LIQUIDADD,23407,LIQUIDADD
ASIANPAINT,236,ASIANPAINT
GLOSTERLTD,23590,GLOSTERLTD
MUTHOOTFIN,23650,MUTHOOTFIN
MID150CASE,24077,MID150CASE
PIIND,24184,PIIND
CONSUMBEES,2435,CONSUMBEES
LIQUIDSHRI,24374,LIQUIDSHRI
CENTRUM,2454,CENTRUM
SANSTAR,24582,SANSTAR
AVANTEL,24610,AVANTEL
RUBFILA,24730,RUBFILA
SSDL,24856,SSDL
ORIENTPPR,2496,ORIENTPPR
BCLIND,2513,BCLIND
RAYMONDLSL,25073,RAYMONDLSL
TOP10ADD,25171,TOP10ADD
KROSS,25252,KROSS
PANAMAPET,25392,PANAMAPET
INDOUS,25503,INDOUS
FLEXITUFF,25512,FLEXITUFF
HUHTAMAKI,2562,HUHTAMAKI
INDOTHAI,25608,INDOTHAI
MOME50INAV,25621,MOME50INAV
UYFINCORP,25626,UYFINCORP
KRN,25643,KRN
DIFFNKG,25672,DIFFNKG
BANKPSU,25725,BANKPSU
SRD,25737,SRD
VIKASECO,25756,VIKASECO
VAL30IETF,25851,VAL30IETF
AFFORDABLE,25855,AFFORDABLE
MASTERTR,27047,MASTERTR
ACMESOLAR,27061,ACMESOLAR
AUROPHARMA,275,AUROPHARMA
EASEMYTRIP,2792,EASEMYTRIP
LXCHEM,2841,LXCHEM
CEWATER,28764,CEWATER
KITEX,28899,KITEX
CONSUMER,28969,CONSUMER
INDOFARM,29025,INDOFARM
RIIL,2912,RIIL
CARERATING,29113,CARERATING
DENTA,29256,DENTA
SUPREME,29439,SUPREME
ORCHASP,29492,ORCHASP
NIF100BEES,29577,NIF100BEES
KOHINOOR,3009,KOHINOOR
ABFRL,30108,ABFRL
SAMMAANCAP,30125,SAMMAANCAP
BHARATSE,30244,BHARATSE
INDOSTAR,3088,INDOSTAR
UFBL,3127,UFBL
MCX,31181,MCX
ANGELONE,324,ANGELONE
NITIRAJ,3247,NITIRAJ
DEEPINDS,3292,DEEPINDS
SUNPHARMA,3351,SUNPHARMA
SUPREMEIND,3363,SUPREMEIND
SMLMAH,3387,SMLMAH
THERMAX,3475,THERMAX
HEALTHIETF,3626,HEALTHIETF
BEL,383,BEL
VINDHYATEL,3694,VINDHYATEL
VARROC,3857,VARROC
21STCENMGM,4,21STCENMGM
SOMANYCERA,3880,SOMANYCERA
CAPLIPOINT,3906,CAPLIPOINT
BERGEPAINT,404,BERGEPAINT
BEPL,419,BEPL
SILINV,4105,SILINV
HDFCAMC,4244,HDFCAMC
ALKYLAMINE,4487,ALKYLAMINE
GUJRAFFIA,4548,GUJRAFFIA
RAMCOIND,4587,RAMCOIND
ATLASCYCLE,4568,ATLASCYCLE
DODLA,4822,DODLA
PHARMABEES,4973,PHARMABEES
BOMDYEING,513,BOMDYEING
ETERNAL,5097,ETERNAL
TATVA,5162,TATVA
AAREYDRUGS,5245,AAREYDRUGS
EXXARO,5352,EXXARO
CUB,5701,CUB
AXISCETF,5732,AXISCETF
SOUTHBANK,5948,SOUTHBANK
EIFFL,6040,EIFFL
FCL,6198,FCL
MEDICAMEQ,6278,MEDICAMEQ
GENUSPAPER,6600,GENUSPAPER
FOODSIN,6673,FOODSIN
NIPPOBATRY,6782,NIPPOBATRY
MAHKTECH,7074,MAHKTECH
SEJALLTD,7091,SEJALLTD
JMA,7109,JMA
ANANDRATHI,7145,ANANDRATHI
MEDIASSIST,21705,MEDIASSIST
TEXRAIL,21828,TEXRAIL
BANKBETF,21986,BANKBETF
NDRAUTO,22255,NDRAUTO
MODTHREAD,2241,MODTHREAD
ITIETF,22365,ITIETF
TOTAL,22423,TOTAL
HEALTHADD,22592,HEALTHADD
SCILAL,23127,SCILAL
MOS250INAV,23188,MOS250INAV
AQYLON,23365,AQYLON
TARACHAND,23512,TARACHAND
AIIL,23553,AIIL
BALUFORGE,23607,BALUFORGE
TBOTEK,23740,TBOTEK
BSLGOLDETF,23804,BSLGOLDETF
ABSLPSE,23806,ABSLPSE
NELCO,2388,NELCO
RETAIL,24145,RETAIL
BANSALWIRE,24386,BANSALWIRE
EMCURE,24398,EMCURE
MAITHANALL,24538,MAITHANALL
GROWWEV,24798,GROWWEV
MANCREDIT,24823,MANCREDIT
BSLNIFTY,24781,BSLNIFTY
SUYOG,24851,SUYOG
ELGIRUBCO,24924,ELGIRUBCO
MODEFENCE,24944,MODEFENCE
ORIENTTECH,24961,ORIENTTECH
ADANIENT,25,ADANIENT
MULTICAP,25080,MULTICAP
OSWALAGRO,2514,OSWALAGRO
BALAJEE,25203,BALAJEE
TOLINS,25262,TOLINS
BAJAJHFL,25270,BAJAJHFL
ARKADE,25398,ARKADE
MOMENTUM50,25606,MOMENTUM50
JISLDVREQS,25684,JISLDVREQS
POLYMED,25718,POLYMED
APLAPOLLO,25780,APLAPOLLO
3PLAND,2595,3PLAND
PIDILITIND,2664,PIDILITIND
VSSL,27067,VSSL
RATEGAIN,7177,RATEGAIN
SBIETFPB,722,SBIETFPB
METROBRAND,7242,METROBRAND
GLENMARK,7406,GLENMARK
NIFTYADD,7451,NIFTYADD
MOINFRA,757031,MOINFRA
ARIS,757614,ARIS
HDBFS,757772,HDBFS
RMDRIP,757834,RMDRIP
SHANTIGOLD,758002,SHANTIGOLD
AHCL,758968,AHCL
ATLANTAELE,759007,ATLANTAELE
IVALUE,759041,IVALUE
DEVX,759079,DEVX
MWL,759169,MWL
TATACAP,759265,TATACAP
BLUESTONE,759291,BLUESTONE
SOLEX,759397,SOLEX
MONEYBOXX,759381,MONEYBOXX
DIAMONDYD,21840,DIAMONDYD
DHUNINV,22233,DHUNINV
MODIRUBBER,2229,MODIRUBBER
HDFCNIFBAN,22433,HDFCNIFBAN
EPACK,22463,EPACK
SIGNPOST,22656,SIGNPOST
JSFB,22663,JSFB
MUNJALSHOW,2307,MUNJALSHOW
HEIDELBERG,2316,HEIDELBERG
BHARTIHEXA,23489,BHARTIHEXA
FILATFASH,23647,FILATFASH
AADHARHFC,23729,AADHARHFC
MIDSMALL,23855,MIDSMALL
AWFIS,23864,AWFIS
NEULANDLAB,2406,NEULANDLAB
KRONOX,24025,KRONOX
VSTTILLERS,24292,VSTTILLERS
ABDL,24308,ABDL
VRAJ,24321,VRAJ
NOCIL,2442,NOCIL
AGIIL,24445,AGIIL
ONGC,2475,ONGC
PREMIERENE,25049,PREMIERENE
STYLEBAAZA,25114,STYLEBAAZA
EUREKAFORB,25162,EUREKAFORB
EBANKNIFTY,25258,EBANKNIFTY
WCIL,25403,WCIL
NIRAJ,255,NIRAJ
ESSARSHPNG,25634,ESSARSHPNG
DBEIL,25892,DBEIL
ABINFRA,27020,ABINFRA
MOBIKWIK,28046,MOBIKWIK
HITECH,2868,HITECH
DUCON,28952,DUCON
UNIMECH,28960,UNIMECH
RICOAUTO,2909,RICOAUTO
NIFTYIETF,29553,NIFTYIETF
NATCAPSUQ,29583,NATCAPSUQ
UNIONGOLD,29687,UNIONGOLD
AONETOTAL,29975,AONETOTAL
BSE500IETF,3001,BSE500IETF
ATULAUTO,30023,ATULAUTO
SAURASHCEM,3018,SAURASHCEM
SNXT30INAV,30519,SNXT30INAV
MOY100INAV,30549,MOY100INAV
MOME30INAV,30552,MOME30INAV
BAJAJHIND,308,BAJAJHIND
TOP20INAV,30590,TOP20INAV
PILITA,30835,PILITA
HONDAPOWER,3138,HONDAPOWER
JPOLYINVST,31507,JPOLYINVST
MODISONLTD,3316,MODISONLTD
SUBROS,3324,SUBROS
HONAUT,3417,HONAUT
TATACONSUM,3432,TATACONSUM
AXISBPSETF,3530,AXISBPSETF
ADANIGREEN,3563,ADANIGREEN
UCAL,3570,UCAL
JUBLPHARMA,3637,JUBLPHARMA
VLSFINANCE,3715,VLSFINANCE
VOLTAS,3718,VOLTAS
BBTC,380,BBTC
ZEEL,3812,ZEEL
BHARATRAS,3834,BHARATRAS
HATSUN,3892,HATSUN
NATCOPHARM,3918,NATCOPHARM
ZENITHEXPO,4176,ZENITHEXPO
SANGAMIND,4184,SANGAMIND
SENSEXIETF,4378,SENSEXIETF
CREDITACC,4421,CREDITACC
BOSCH-HCIL,4491,BOSCH-HCIL
SAREGAMA,4892,SAREGAMA
MADRASFERT,4911,MADRASFERT
SVPGLOB,5020,SVPGLOB
SBIETFCON,5168,SBIETFCON
KRSNAA,5359,KRSNAA
GRSE,5475,GRSE
GANESHBE,5614,GANESHBE
GRAPHITE,592,GRAPHITE
BANKNIFTY1,5851,BANKNIFTY1
COASTCORP,6006,COASTCORP
ARTNIRMAN,6156,ARTNIRMAN
DTIL,6227,DTIL
KRITI,6417,KRITI
TARSONS,6943,TARSONS
DICIND,703,DICIND
GANECOS,6944,GANECOS
GOCOLORS,6964,GOCOLORS
ASIANENE,7030,ASIANENE
HESTERBIO,7048,HESTERBIO
ZODIAC,7129,ZODIAC
MICEL,7169,MICEL
BBETF0432,7196,BBETF0432
DCMSRIND,7325,DCMSRIND
ABSLNN50ET,7339,ABSLNN50ET
SBIETFIT,740,SBIETFIT
STAR,7374,STAR
MIDQ50ADD,7456,MIDQ50ADD
HAVISHA,7457,HAVISHA
MOMGF,757099,MOMGF
BELRISE,757102,BELRISE
EQUAL50,757142,EQUAL50
ODIGMA,27571,ODIGMA
JUBLINGREA,2783,JUBLINGREA
CHEMFAB,2799,CHEMFAB
RAYMOND,2859,RAYMOND
SANATHAN,28805,SANATHAN
ZUARI,29050,ZUARI
LAXMIDENTL,29171,LAXMIDENTL
STALLION,29204,STALLION
KALYANKJIL,2955,KALYANKJIL
AJAXENGG,29624,AJAXENGG
NAZARA,2987,NAZARA
GRN200INAV,29907,GRN200INAV
NIF100INAV,29956,NIF100INAV
SUVIDHAA,2998,SUVIDHAA
MOCAPITAL,30065,MOCAPITAL
SELECTIPO,30109,SELECTIPO
SBIN,3045,SBIN
SHREECEM,3103,SHREECEM
COMPUSOFT,31138,COMPUSOFT
VALIANTORG,330,VALIANTORG
SUPERSPIN,3357,SUPERSPIN
TATAELXSI,3411,TATAELXSI
TATASTEEL,3499,TATASTEEL
BBOX,3435,BBOX
TIL,3484,TIL
NAM-INDIA,357,NAM-INDIA
TNTELE,3512,TNTELE
MOKSH,3586,MOKSH
SOLARA,3672,SOLARA
GAYAHWS,3693,GAYAHWS
FINEORG,3744,FINEORG
WALCHANNAG,3736,WALCHANNAG
WSTCSTPAPR,3799,WSTCSTPAPR
BHARATFORG,422,BHARATFORG
JAYAGROGN,4041,JAYAGROGN
CUBEXTUB,4064,CUBEXTUB
SUNDRMBRAK,4179,SUNDRMBRAK
VISAKAIND,4221,VISAKAIND
DENORA,4279,DENORA
SHRIRAMFIN,4306,SHRIRAMFIN
DYNAMATECH,4525,DYNAMATECH
OSWALGREEN,471,OSWALGREEN
3MINDIA,474,3MINDIA
TCIFINANCE,4771,TCIFINANCE
BLUEDART,495,BLUEDART
IPL,4934,IPL
ICICIBANK,4963,ICICIBANK
SHEMAROO,5068,SHEMAROO
JAICORPLTD,5143,JAICORPLTD
BPCL,526,BPCL
ROLEXRINGS,5279,ROLEXRINGS
NUVOCO,5426,NUVOCO
JAIPURKURT,5516,JAIPURKURT
MONTECARLO,5938,MONTECARLO
CESC,628,CESC
DNAMEDIA,641,DNAMEDIA
HEALTHY,6297,HEALTHY
SAPPHIRE,6718,SAPPHIRE
DMCC,6973,DMCC
SHIVALIK,7016,SHIVALIK
SBIETFQLTY,7218,SBIETFQLTY
MAPMYINDIA,7227,MAPMYINDIA
SUPRIYA,7390,SUPRIYA
ALPHA,7412,ALPHA
COSMOFIRST,742,COSMOFIRST
TREJHARA,7518,TREJHARA
OSWALPUMPS,756802,OSWALPUMPS
GROWWSLVR,756827,GROWWSLVR
CRISIL,757,CRISIL
RAJOOENG,757049,RAJOOENG
MOPSE,757431,MOPSE
SCODATUBES,757478,SCODATUBES
CRIZAC,757850,CRIZAC
ANTHEM,757885,ANTHEM
EUROBOND,757953,EUROBOND
ELLEN,758563,ELLEN
SHREEJISPG,759448,SHREEJISPG
LASA,21713,LASA
CHOLAHLDNG,21740,CHOLAHLDNG
LIQUIDCASE,21750,LIQUIDCASE
IEX,220,IEX
INDTERRAIN,21957,INDTERRAIN
ITBETA,22488,ITBETA
GILT10BETA,22524,GILT10BETA
RPTECH,22670,RPTECH
LICNMID100,22722,LICNMID100
MRPL,2283,MRPL
JUNIPER,22824,JUNIPER
MTNL,2294,MTNL
PLATIND,22930,PLATIND
MURUDCERA,2313,MURUDCERA
MOSMALL250,23181,MOSMALL250
MOREALTY,23184,MOREALTY
CPSEETF,2328,CPSEETF
GODIGIT,23799,GODIGIT
SANDHAR,2397,SANDHAR
TOP100CASE,24081,TOP100CASE
SBISILVER,24366,SBISILVER
ABGSEC,24404,ABGSEC
OILCOUNTUB,2472,OILCOUNTUB
RPEL,24735,RPEL
GSEC10INAV,24850,GSEC10INAV
ORIENTHOT,2493,ORIENTHOT
GLOBALE,24932,GLOBALE
MFML,24937,MFML
SURAJLTD,24966,SURAJLTD
XTGLOBAL,25235,XTGLOBAL
GROWWLIQID,25447,GROWWLIQID
TRITURBINE,25584,TRITURBINE
MANBA,25597,MANBA
LICMFGOLD,25640,LICMFGOLD
OCCLLTD,25918,OCCLLTD
SEAMECLTD,2616,SEAMECLTD
POLYPLEX,2687,POLYPLEX
PRAJIND,2705,PRAJIND
NTPCGREEN,27176,NTPCGREEN
SAILIFE,27839,SAILIFE
VMM,27969,VMM
MAMATA,28687,MAMATA
SETL,29075,SETL
SURYODAY,2970,SURYODAY
BAJAJINDEF,29678,BAJAJINDEF
GOLD360,30105,GOLD360
SILVERCASE,30274,SILVERCASE
SPECTRUM,30455,SPECTRUM
SMALL2INAV,30573,SMALL2INAV
GRW150INAV,30574,GRW150INAV
SHREYANIND,3126,SHREYANIND
THOMASCOTT,31017,THOMASCOTT
DBSTOCKBRO,31107,DBSTOCKBRO
BAJFINANCE,317,BAJFINANCE
SIEMENS,3150,SIEMENS
SKFINDIA,3186,SKFINDIA
SUDARSCHEM,3327,SUDARSCHEM
TAINWALCHM,3396,TAINWALCHM
TMPV,3456,TMPV
TITAN,3506,TITAN
AXISHCETF,3608,AXISHCETF
WILLAMAGOR,3772,WILLAMAGOR
PREMIERPOL,3908,PREMIERPOL
BEML,395,BEML
BIOFILCHEM,4136,BIOFILCHEM
BHARATGEAR,426,BHARATGEAR
NEXT50IETF,4529,NEXT50IETF
GAIL,4717,GAIL
SKMEGGPROD,4732,SKMEGGPROD
ICEMAKE,489,ICEMAKE
KCPSUGIND,4809,KCPSUGIND
HINDCON,4920,HINDCON
SGIL,5114,SGIL
GMDCLTD,5204,GMDCLTD
CARTRADE,5407,CARTRADE
ACUTAAS,5578,ACUTAAS
J&KBANK,5633,J&KBANK
BSL,559,BSL
BSLSENETFG,5957,BSLSENETFG
CYBERTECH,6051,CYBERTECH
AIROLAM,6068,AIROLAM
GOODLUCK,6125,GOODLUCK
PANSARI,6141,PANSARI
CAMLINFINE,6216,CAMLINFINE
APOLSINHOT,6302,APOLSINHOT
LAMBODHARA,6407,LAMBODHARA
TECH,6462,TECH
STEELCAS,6803,STEELCAS
VISHNU,6908,VISHNU
CIPLA,694,CIPLA
STARHEALTH,7083,STARHEALTH
SHALBY,714,SHALBY
SETFNN50,7353,SETFNN50
HPAL,7376,HPAL
UNITEDPOLY,7560,UNITEDPOLY
CIFL,756015,CIFL
WAAREERTL,756038,WAAREERTL
ABLBL,756843,ABLBL
ENRIN,756871,ENRIN
PRIMO,756925,PRIMO
AONENIFTY,757096,AONENIFTY
MONEXT50,757167,MONEXT50
MOTOUR,757443,MOTOUR
BLUSPRING,757520,BLUSPRING
DIGITIDE,757515,DIGITIDE
SAMBHV,757767,SAMBHV
BELLACASA,757938,BELLACASA
SMARTWORKS,757965,SMARTWORKS
EFCIL,758675,EFCIL
REGAAL,758680,REGAAL
MEIL,758748,MEIL
STLNETWORK,758958,STLNETWORK
SAATVIKGL,759057,SAATVIKGL
EPACKPEB,759251,EPACKPEB
MONIFTY100,759371,MONIFTY100
WEWORK,759434,WEWORK
CANHLIFE,759477,CANHLIFE
FISCHER,757658,FISCHER
BRIGHOTEL,757794,BRIGHOTEL
MBEL,758150,MBEL
CPPLUS,758858,CPPLUS
SGMART,758889,SGMART
ELM250,758952,ELM250
GKENERGY,759048,GKENERGY
CRAMC,759311,CRAMC
MOMENTUM30,759488,MOMENTUM30
PIRAMALFIN,759551,PIRAMALFIN
LENSKART,759605,LENSKART
ADVENTHTL,759769,ADVENTHTL
CAPILLARY,759867,CAPILLARY
SUDEEPPHRM,760039,SUDEEPPHRM
AONESILVER,760193,AONESILVER
NEPHROPLUS,760346,NEPHROPLUS
PARKHOSPS,760351,PARKHOSPS
NEXT50ETF,760709,NEXT50ETF
CEINSYS,761037,CEINSYS
SBIMIDMOM,761095,SBIMIDMOM
CMPDI,761581,CMPDI
DABUR,772,DABUR
UNIINFO,7791,UNIINFO
NETF,7838,NETF
INOXWIND,7852,INOXWIND
AUTOBEES,7880,AUTOBEES
ZYDUSLIFE,7929,ZYDUSLIFE
AVANTIFEED,7936,AVANTIFEED
SAGARDEEP,8175,SAGARDEEP
SOFTTECH,8266,SOFTTECH
CALSOFT,8341,CALSOFT
MIDCAPETF,8413,MIDCAPETF
MID150BEES,8506,MID150BEES
SHAILY,8727,SHAILY
PNBGILTS,8736,PNBGILTS
PRIVISCL,8825,PRIVISCL
UMAEXPORTS,8842,UMAEXPORTS
TTML,8954,TTML
PNC,9342,PNC
SKIPPER,9428,SKIPPER
DELHIVERY,9599,DELHIVERY
PARADEEP,9741,PARADEEP
NEXTMEDIA,9867,NEXTMEDIA
NEOGEN,9917,NEOGEN
PAUSHAKLTD,759969,PAUSHAKLTD
GROWWCAPM,760051,GROWWCAPM
GAUDIUMIVF,760178,GAUDIUMIVF
WAKEFIT,760259,WAKEFIT
LEMERITE,760300,LEMERITE
AMAGI,760740,AMAGI
OMNI,760865,OMNI
GROWWHOSPI,760874,GROWWHOSPI
KWIL,760946,KWIL
ALGOQUANT,761270,ALGOQUANT
AARNAV,761821,AARNAV
WEL,7835,WEL
RAMCOSYS,7851,RAMCOSYS
MALLCOM,7965,MALLCOM
AWL,8110,AWL
GSEC5IETF,8342,GSEC5IETF
INDOBORAX,8614,INDOBORAX
MUKTAARTS,8687,MUKTAARTS
AGROPHOS,9046,AGROPHOS
OBCL,8797,OBCL
CHOICEIN,8866,CHOICEIN
ELECTCAST,928,ELECTCAST
PIXTRANS,9087,PIXTRANS
MEDICO,9667,MEDICO
BETA,759842,BETA
SMALL250,759814,SMALL250
PINELABS,759820,PINELABS
MOSERVICE,760001,MOSERVICE
JAYKAY,760073,JAYKAY
VIDYAWIRES,760224,VIDYAWIRES
PNGSREVA,760242,PNGSREVA
CMSINFO,7603,CMSINFO
TOP20,760415,TOP20
BUILDPRO,760594,BUILDPRO
KNAGRI,760923,KNAGRI
KRISHNADEF,761192,KRISHNADEF
TCC,761814,TCC
BCONCEPTS,7780,BCONCEPTS
KTKBANK,8054,KTKBANK
DEVIT,8146,DEVIT
DCW,817,DCW
MANYAVAR,8167,MANYAVAR
MITCON,8469,MITCON
GATEWAY,8510,GATEWAY
NLCINDIA,8585,NLCINDIA
AVROIND,8827,AVROIND
ANUP,9014,ANUP
SPLPETRO,9617,SPLPETRO
HAVELLS,9819,HAVELLS
WEWIN,9862,WEWIN
ENERGY,759780,ENERGY
TMCV,759782,TMCV
ESENSEX,759995,ESENSEX
MODINATUR,760277,MODINATUR
SEDEMAC,761153,SEDEMAC
KOTYARK,761335,KOTYARK
MONARCH,7679,MONARCH
DALMIASUG,781,DALMIASUG
BIL,7848,BIL
GRWRHITECH,7982,GRWRHITECH
BSHSL,809,BSHSL
BANKA,822,BANKA
DEEPAKFERT,827,DEEPAKFERT
ASTRON,874,ASTRON
ELDEHSG,8953,ELDEHSG
HARIOMPIPE,8968,HARIOMPIPE
VCL,9020,VCL
UFO,9039,UFO
EIHOTEL,919,EIHOTEL
SNXT50BETA,9168,SNXT50BETA
DPABHUSHAN,936,DPABHUSHAN
MSTCLTD,9356,MSTCLTD
AXISCADES,9436,AXISCADES
LICI,9480,LICI
AKSHAR,9558,AKSHAR
RELCHEMQ,9652,RELCHEMQ
AETHER,9810,AETHER
CHEVIOT,9879,CHEVIOT
ONEPOINT,9939,ONEPOINT
LICN50INAV,10098,LICN50INAV
MID150INAV,10134,MID150INAV
CONFIPET,10238,CONFIPET
ARVSMART,10457,ARVSMART
UFLEX,1053,UFLEX
PNB,10666,PNB
GABRIEL,1085,GABRIEL
MOVALUE,10825,MOVALUE
KSOLVES,11060,KSOLVES
IDFCFIRSTB,11184,IDFCFIRSTB
SHK,11212,SHK
NSIL,11239,NSIL
HDFCQUAL,11255,HDFCQUAL
DREDGECORP,11271,DREDGECORP
LUXIND,11301,LUXIND
BALAXI,11309,BALAXI
NDTV,11427,NDTV
KRIDHANINF,11480,KRIDHANINF
LT,11483,LT
CENTEXT,11511,CENTEXT
NIITLTD,11522,NIITLTD
PPLPHARMA,11571,PPLPHARMA
NARMADA,11627,NARMADA
JBMA,11655,JBMA
FMGOETZE,1190,FMGOETZE
FUSION,11932,FUSION
HTMEDIA,11979,HTMEDIA
PRAXIS,1204,PRAXIS
FCSSOFT,11999,FCSSOFT
RENUKA,12026,RENUKA
HDFCNIFIT,12101,HDFCNIFIT
AAATECH,12533,AAATECH
11NSETEST,12841,11NSETEST
ABB,13,ABB
IIFLCAPS,13072,IIFLCAPS
HARRMALAYA,1313,HARRMALAYA
TRIVENI,13081,TRIVENI
ROHLTD,13182,ROHLTD
NITCO,13300,NITCO
LOKESHMACH,13436,LOKESHMACH
BALPHARMA,13441,BALPHARMA
HEROMOTOCO,1348,HEROMOTOCO
GMRAIRPORT,13528,GMRAIRPORT
VIDHIING,13536,VIDHIING
HIMATSEIDE,1360,HIMATSEIDE
IRCTC,13611,IRCTC
HINDALCO,1363,HINDALCO
HINDCOMPOS,1372,HINDCOMPOS
JHS,13720,JHS
GLOBALVECT,13735,GLOBALVECT
HCC,1375,HCC
MANOMAY,13753,MANOMAY
BBL,13761,BBL
TORNTPOWER,13786,TORNTPOWER
LUMAXTECH,14014,LUMAXTECH
IGPL,14086,IGPL
PGIL,14260,PGIL
FSL,14304,FSL
TFL,14319,TFL
SANOFI,1442,SANOFI
HLVLTD,1448,HLVLTD
ICRA,14523,ICRA
DISHTV,14537,DISHTV
GSLSU,14599,GSLSU
IDBI,1476,IDBI
VIPCLOTHNG,14843,VIPCLOTHNG
SAHYADRI,14900,SAHYADRI
KPRMILL,14912,KPRMILL
GSEC10YEAR,14938,GSEC10YEAR
MAGNUM,14957,MAGNUM
PSUBNKBEES,15032,PSUBNKBEES
PSUBANK,15061,PSUBANK
BLAL,15067,BLAL
SILVERBETA,15085,SILVERBETA
SVLL,15121,SVLL
TARIL,15174,TARIL
DVL,15214,DVL
IRB,15313,IRB
SADHNANIQ,15343,SADHNANIQ
RKEC,1547,RKEC
EIHAHOTELS,15399,EIHAHOTELS
ANDHRAPAP,166,ANDHRAPAP
BAJAJFINSV,16675,BAJAJFINSV
RPGLIFE,16725,RPGLIFE
MKPL,16736,MKPL
ARCHIDPLY,16795,ARCHIDPLY
IKIO,16822,IKIO
DPWIRES,16900,DPWIRES
PATANJALI,17029,PATANJALI
NEXT50,17181,NEXT50
SHRIPISTON,17186,SHRIPISTON
ASPINWALL,17270,ASPINWALL
SETFGOLD,17272,SETFGOLD
EXCEL,17376,EXCEL
SENSEXADD,17613,SENSEXADD
ALOKINDS,17675,ALOKINDS
ATL,17778,ATL
GEEKAYWIRE,17922,GEEKAYWIRE
GODREJPROP,17875,GODREJPROP
UNITEDTEA,17999,UNITEDTEA
AWHCL,1797,AWHCL
DBL,18086,DBL
AEROFLEX,18268,AEROFLEX
MIDCAPBETA,18347,MIDCAPBETA
SANDUMA,18359,SANDUMA
CUPID,18520,CUPID
ZAGGLE,18608,ZAGGLE
KIRLOSIND,19025,KIRLOSIND
HEADSUP,19205,HEADSUP
MONIFTY500,19237,MONIFTY500
ARVIND,193,ARVIND
MON500INAV,19248,MON500INAV
AHLEAST,19438,AHLEAST
BAJAJCON,19531,BAJAJCON
MAXESTATES,19646,MAXESTATES
LIQUIDSBI,19705,LIQUIDSBI
MUFIN,19783,MUFIN
CELLO,19795,CELLO
ORISSAMINE,19931,ORISSAMINE
DEEPAKNTR,19943,DEEPAKNTR
AKSHARCHEM,20178,AKSHARCHEM
IREDA,20261,IREDA
RAMCOCEM,2043,RAMCOCEM
IOLCP,20413,IOLCP
DOLLAR,20560,DOLLAR
HAPPYFORGE,20854,HAPPYFORGE
JYOTICNC,21334,JYOTICNC
EBBE31INAV,10017,EBBE31INAV
MANXT5INAV,10117,MANXT5INAV
PPL,10297,PPL
RAMASTEEL,10300,RAMASTEEL
FINCABLES,1038,FINCABLES
AXISBNKETF,1044,AXISBNKETF
DYCL,10417,DYCL
RAMRAT,10485,RAMRAT
CONS,10512,CONS
HDF100INAV,10583,HDF100INAV
GUJGASLTD,10599,GUJGASLTD
MOMENTUM,10693,MOMENTUM
SYRMA,10793,SYRMA
INFOBEAN,11027,INFOBEAN
NATHBIOGEN,11065,NATHBIOGEN
VARDHACRLC,11220,VARDHACRLC
TVTODAY,11275,TVTODAY
LICNETFN50,11319,LICNETFN50
MUKANDLTD,11325,MUKANDLTD
PVTBANIETF,11386,PVTBANIETF
DATAMATICS,11423,DATAMATICS
PILANIINVS,11445,PILANIINVS
CCL,11452,CCL
APARINDS,11491,APARINDS
AMBICAAGAR,11496,AMBICAAGAR
WESTLIFE,11580,WESTLIFE
HDFCNIFTY,11591,HDFCNIFTY
WELENT,11626,WELENT
SALSTEEL,11634,SALSTEEL
PATELENG,11699,PATELENG
ALKEM,11703,ALKEM
NH,11840,NH
GEOJITFSL,11896,GEOJITFSL
KANSAINER,1196,KANSAINER
NECLIFE,11927,NECLIFE
HDFCPVTBAN,12108,HDFCPVTBAN
CASTROLIND,1250,CASTROLIND
GUJALKALI,1267,GUJALKALI
UNIPARTS,13057,UNIPARTS
360ONE,13061,360ONE
AIAENG,13086,AIAENG
QUICKHEAL,13116,QUICKHEAL
GSEC10IETF,13143,GSEC10IETF
M&MFIN,13285,M&MFIN
KFINTECH,13359,KFINTECH
RSYSTEMS,13414,RSYSTEMS
JKLAKSHMI,13491,JKLAKSHMI
ALLCARGO,13501,ALLCARGO
AKASH,13510,AKASH
RADIANTCMS,13580,RADIANTCMS
ACE,13587,ACE
JMFINANCIL,13637,JMFINANCIL
INFOMEDIA,13693,INFOMEDIA
SHYAMTEL,13740,SHYAMTEL
FLUOROCHEM,13750,FLUOROCHEM
SHIVAMAUTO,13756,SHIVAMAUTO
GREENPANEL,13810,GREENPANEL
TANLA,13976,TANLA
JASH,13982,JASH
HINDOILEXP,1403,HINDOILEXP
NETWORK18,14111,NETWORK18
SIYSIL,14096,SIYSIL
BTML,14150,BTML
TIMKEN,14198,TIMKEN
HUBTOWN,14203,HUBTOWN
BALAMINES,14501,BALAMINES
INSECTICID,14657,INSECTICID
DLF,14732,DLF
REPL,1480,REPL
061NSETEST,14762,061NSETEST
071NSETEST,14764,071NSETEST
RBA,1494,RBA
CSBBANK,14966,CSBBANK
POWERGRID,14977,POWERGRID
BAJAJELEC,15034,BAJAJELEC
RGL,15129,RGL
ECLERX,15179,ECLERX
MANAKSIA,15199,MANAKSIA
ARIES,15204,ARIES
PPAP,15209,PPAP
AMBIKCO,15234,AMBIKCO
CORDSCABLE,15271,CORDSCABLE
MANKIND,15380,MANKIND
ATAM,15404,ATAM
LATTEYS,15840,LATTEYS
PRINCEPIPE,16045,PRINCEPIPE
FAIRCHEMOR,1614,FAIRCHEMOR
IOC,1624,IOC
VAISHALI,16589,VAISHALI
GHCLTEXTIL,16696,GHCLTEXTIL
GOKUL,16705,GOKUL
UBL,16713,UBL
HGINFRA,1672,HGINFRA
SHARIABEES,17044,SHARIABEES
PARAGMILK,17130,PARAGMILK
CYIENTDLM,17187,CYIENTDLM
PAKKA,17197,PAKKA
ALBERTDAVD,17256,ALBERTDAVD
BLS,17279,BLS
OIL,17438,OIL
NV20IETF,17475,NV20IETF
MGL,17534,MGL
MIDSELIETF,17702,MIDSELIETF
QUESS,17704,QUESS
SARDAEN,17758,SARDAEN
SOMICONVEY,17794,SOMICONVEY
HINDCOPPER,17939,HINDCOPPER
ABBOTINDIA,17903,ABBOTINDIA
BEARDSELL,17933,BEARDSELL
KAJARIACER,1808,KAJARIACER
ARENTERP,181,ARENTERP
MANINFRA,18226,MANINFRA
HNGSNGBEES,18284,HNGSNGBEES
KCP,1841,KCP
RBLBANK,18391,RBLBANK
JLHL,18553,JLHL
KIRLOSBROS,18581,KIRLOSBROS
MARATHON,18659,MARATHON
YATRA,18760,YATRA
PNBHOUSING,18908,PNBHOUSING
CUMMINSIND,1901,CUMMINSIND
NBIFIN,19111,NBIFIN
HMVL,19211,HMVL
SENSEXETF,19224,SENSEXETF
TRENT,1964,TRENT
GOLDIETF,19679,GOLDIETF
LMW,1979,LMW
LIBERTSHOE,1994,LIBERTSHOE
ESILVER,20257,ESILVER
GANDHAR,20303,GANDHAR
M&M,2031,M&M
GRAVITA,20534,GRAVITA
BAJEL,20531,BAJEL
VTL,2073,VTL
RPPINFRA,20760,RPPINFRA
MOIL,20830,MOIL
AZAD,20905,AZAD
STARCEMENT,21091,STARCEMENT
PALASHSECU,21383,PALASHSECU
DSPQ50INAV,10005,DSPQ50INAV
GODREJCP,10099,GODREJCP
ORICONENT,10159,ORICONENT
SYNGENE,10243,SYNGENE
AARON,1030,AARON
NGLFINE,10277,NGLFINE
MARKSANS,10579,MARKSANS
HDFC50INAV,10584,HDFC50INAV
MOM30IETF,10585,MOM30IETF
MNC,10676,MNC
INFRAIETF,10723,INFRAIETF
CANBK,10794,CANBK
GVPTECH,10865,GVPTECH
RADAAN,10932,RADAAN
JUNIORBEES,10939,JUNIORBEES
DCMNVL,11039,DCMNVL
AGRITECH,11072,AGRITECH
AXISILVER,11193,AXISILVER
DHANBANK,11359,DHANBANK
SUVEN,11233,SUVEN
MAHABANK,11377,MAHABANK
XPROINDIA,11407,XPROINDIA
RKFORGE,11411,RKFORGE
CYBERMEDIA,11842,CYBERMEDIA
63MOONS,11868,63MOONS
DCXINDIA,11895,DCXINDIA
MCLEODRUSS,11943,MCLEODRUSS
MEDANTA,11956,MEDANTA
SEMAC,11961,SEMAC
BIKAJI,11966,BIKAJI
AEROENTER,12015,AEROENTER
BASML,12034,BASML
BBTCL,12153,BBTCL
GRASIM,1232,GRASIM
FINIETF,12578,FINIETF
PRECAM,12603,PRECAM
AMBUJACEM,1270,AMBUJACEM
KRISHANA,12847,KRISHANA
SARVESHWAR,12913,SARVESHWAR
EKC,13091,EKC
KERNEX,13121,KERNEX
EBBETF0433,13139,EBBETF0433
JAGRAN,13211,JAGRAN
SULA,13218,SULA
MARINE,1328,MARINE
KEC,13260,KEC
SDBL,1338,SDBL
KKCL,13381,KKCL
SUNTV,13404,SUNTV
EMKAY,13421,EMKAY
PFOCUS,13496,PFOCUS
HGM,13592,HGM
ELECON,13643,ELECON
TALBROAUTO,13648,TALBROAUTO
FIEMIND,13710,FIEMIND
SUTLEJTEX,13801,SUTLEJTEX
PRAENG,13941,PRAENG
AVTNPL,14008,AVTNPL
AGI,1412,AGI
GOLDETF,14286,GOLDETF
POCL,14385,POCL
PAGEIND,14413,PAGEIND
ASTRAL,14418,ASTRAL
GOKULAGRO,14480,GOKULAGRO
WEBELSOLAR,14602,WEBELSOLAR
AXSENSEX,14742,AXSENSEX
011NSETEST,14747,011NSETEST
021NSETEST,14751,021NSETEST
V2RETAIL,14766,V2RETAIL
121NSETEST,14777,121NSETEST
131NSETEST,14778,131NSETEST
IFBAGRO,1482,IFBAGRO
ADSL,14813,ADSL
ALPA,14848,ALPA
AKI,14890,AKI
CIEINDIA,14937,CIEINDIA
CCCL,14992,CCCL
KAUSHALYA,15136,KAUSHALYA
COLPAL,15141,COLPAL
LICNFNHGP,15229,LICNFNHGP
QGOLDHALF,15330,QGOLDHALF
GSS,15347,GSS
NAHARCAP,15360,NAHARCAP
ATALREAL,15649,ATALREAL
AURIGROW,1607,AURIGROW
TATAINVEST,1621,TATAINVEST
MMP,16395,MMP
SILVERAG,16777,SILVERAG
TOUCHWOOD,16908,TOUCHWOOD
ZFCVINDIA,16915,ZFCVINDIA
GATECHDVR,17,GATECHDVR
AJMERA,17307,AJMERA
LLOYDSME,17313,LLOYDSME
SALONA,17351,SALONA
VINATIORGA,17364,VINATIORGA
CONTROLPR,17477,CONTROLPR
RTNPOWER,17520,RTNPOWER
ASALCBR,17598,ASALCBR
BAFNAPH,17742,BAFNAPH
GILLANDERS,17839,GILLANDERS
MMTC,17957,MMTC
SBICARD,17971,SBICARD
KAKATCEM,1811,KAKATCEM
SRGHFL,18119,SRGHFL
HATHWAY,18154,HATHWAY
IVZINGOLD,18292,IVZINGOLD
RISHABH,18417,RISHABH
MITTAL,18562,MITTAL
LTTS,18564,LTTS
CARYSIL,1879,CARYSIL
SIGNATURE,18743,SIGNATURE
SJVN,18883,SJVN
SUNDARAM,18931,SUNDARAM
STYRENIX,19,STYRENIX
PODDARMENT,19036,PODDARMENT
AARVI,19073,AARVI
ITBEES,19084,ITBEES
TI,19196,TI
BLISSGVS,19265,BLISSGVS
ITDC,19299,ITDC
KREBSBIO,1937,KREBSBIO
ROSSARI,19410,ROSSARI
PLAZACABLE,19458,PLAZACABLE
SECMARK,19496,SECMARK
IITL,19525,IITL
AMNPLST,19867,AMNPLST
LGHL,19876,LGHL
ASKAUTOLTD,20152,ASKAUTOLTD
ASHOKA,20182,ASHOKA
PRESTIGE,20302,PRESTIGE
NRAIL,20314,NRAIL
PRUDMOULI,20527,PRUDMOULI
SURAJEST,20822,SURAJEST
SURANASOL,21077,SURANASOL
GTPL,21195,GTPL
STEELXIND,21339,STEELXIND
TATAGOLD,21401,TATAGOLD
ARE&M,100,ARE&M
EBBE32INAV,10019,EBBE32INAV
FACT,1008,FACT
MONQ50INAV,10128,MONQ50INAV
SETF50INAV,10161,SETF50INAV
KAYA,10276,KAYA
PKTEA,10321,PKTEA
FINPIPE,1041,FINPIPE
DGCONTENT,10346,DGCONTENT
JISLJALEQS,10397,JISLJALEQS
UNITDSPR,10447,UNITDSPR
SATIN,10453,SATIN
RAMAPHO,10568,RAMAPHO
BHARTIARTL,10604,BHARTIARTL
HDFCNEXT50,10619,HDFCNEXT50
ASAL,10634,ASAL
NIFTYQLITY,10690,NIFTYQLITY
ZENSARTECH,1076,ZENSARTECH
OFSS,10738,OFSS
DBOL,10893,DBOL
GARFIBRES,1100,GARFIBRES
SATIA,11045,SATIA
SECURKLOUD,11058,SECURKLOUD
LIBAS,11082,LIBAS
UCOBANK,11223,UCOBANK
BAGFILMS,11226,BAGFILMS
AFFLE,11343,AFFLE
VAIBHAVGBL,11364,VAIBHAVGBL
TTKHLTCARE,11369,TTKHLTCARE
GICHSGFIN,1139,GICHSGFIN
ZOTA,11394,ZOTA
GINNIFILA,1142,GINNIFILA
SPANDANA,11435,SPANDANA
GLAXO,1153,GLAXO
TEXINFRA,11549,TEXINFRA
LINCOLN,11596,LINCOLN
NEWGEN,1164,NEWGEN
SUPRAJIT,11689,SUPRAJIT
SUKHJITS,11804,SUKHJITS
SURYALAXMI,11852,SURYALAXMI
SHAHALLOYS,11856,SHAHALLOYS
SWELECTES,11909,SWELECTES
SASKEN,11983,SASKEN
AURIONPRO,12022,AURIONPRO
FIVESTAR,12032,FIVESTAR
KAYNES,12092,KAYNES
ZIMLAB,12384,ZIMLAB
SWSOLAR,12489,SWSOLAR
N1NSETEST,12848,N1NSETEST
V1NSETEST,12863,V1NSETEST
NPBET,12978,NPBET
ORIENTCER,13111,ORIENTCER
HEG,1336,HEG
MALUPAPER,13352,MALUPAPER
KELLTONTEC,13430,KELLTONTEC
KAMDHENU,13457,KAMDHENU
ANDHRSUGAR,136,ANDHRSUGAR
MANUGRAPH,13572,MANUGRAPH
SKYGOLD,13631,SKYGOLD
NAUKRI,13751,NAUKRI
VGL,13771,VGL
GESHIP,13776,GESHIP
SBGLP,14139,SBGLP
NSLNISP,14180,NSLNISP
HDFCBSE500,14230,HDFCBSE500
HDFCSML250,14233,HDFCSML250
ORIENTBELL,14278,ORIENTBELL
ORIENTALTL,14346,ORIENTALTL
AROGRANITE,14557,AROGRANITE
NAVINFLUOR,14672,NAVINFLUOR
ADVANIHOTR,14745,ADVANIHOTR
051NSETEST,14758,051NSETEST
CENTRALBK,14894,CENTRALBK
NAGREEKCAP,14942,NAGREEKCAP
CENTUM,14982,CENTUM
CERA,15039,CERA
DELTACORP,15044,DELTACORP
BVCL,15073,BVCL
RHL,15157,RHL
KNRCON,15283,KNRCON
INDIANHUME,1530,INDIANHUME
BANG,15303,BANG
SEPC,15308,SEPC
GOLDADD,15356,GOLDADD
PDMJEPAPER,15377,PDMJEPAPER
NESCO,15409,NESCO
MGEL,1593,MGEL
AVG,15589,AVG
HINDWAREAP,15883,HINDWAREAP
INGERRAND,1597,INGERRAND
IONEXCHANG,1630,IONEXCHANG
CCAVENUE,16249,CCAVENUE
KIRIINDUS,16639,KIRIINDUS
SIGMA,16658,SIGMA
KOKUYOCMLN,16827,KOKUYOCMLN
JAYBARMARU,1708,JAYBARMARU
MAWANASUG,17022,MAWANASUG
URAVIDEF,17071,URAVIDEF
IDEAFORGE,17140,IDEAFORGE
MIDCAPIETF,17152,MIDCAPIETF
GKWLIMITED,17357,GKWLIMITED
PVTBANKADD,17576,PVTBANKADD
MOLDTECH,17625,MOLDTECH
AHLUCONT,17833,AHLUCONT
MINDTECK,18049,MINDTECK
YASHO,18131,YASHO
SAMHI,18614,SAMHI
DIAMINESQ,18644,DIAMINESQ
KALAMANDIR,18755,KALAMANDIR
UNIVASTU,18977,UNIVASTU
JSWINFRA,19020,JSWINFRA
UDS,19113,UDS
KOPRAN,1919,KOPRAN
LIQUIDETF,1927,LIQUIDETF
VALIANTLAB,19218,VALIANTLAB
THEJO,19279,THEJO
HDFCGOLD,19543,HDFCGOLD
BSE,19585,BSE
INFRABEES,20072,INFRABEES
CPCAP,20086,CPCAP
URJA,20203,URJA
IRFC,2029,IRFC
RESPONIND,20323,RESPONIND
APCL,20453,APCL
DOMS,20551,DOMS
INDIASHLTR,20556,INDIASHLTR
RKDL,20950,RKDL
SUNCLAY,20956,SUNCLAY
PSB,21001,PSB
BFINVEST,21113,BFINVEST
TEJASNET,21131,TEJASNET
CDSL,21174,CDSL
ASHOKLEY,212,ASHOKLEY
AXISNIFTY,21252,AXISNIFTY
SALASAR,21362,SALASAR
BALKRISHNA,10181,BALKRISHNA
FEDERALBNK,1023,FEDERALBNK
RADHIKAJWE,10343,RADHIKAJWE
SHARDAMOTR,10530,SHARDAMOTR
NAVKARCORP,10557,NAVKARCORP
TCI,10580,TCI
SADBHIN,10618,SADBHIN
PONNIERODE,10661,PONNIERODE
SURANAT&P,10700,SURANAT&P
SILVERADD,10761,SILVERADD
GODREJIND,10925,GODREJIND
LIQUIDBEES,11006,LIQUIDBEES
SIRCA,11050,SIRCA
WELSPUNLIV,11253,WELSPUNLIV
JAIBALAJI,11256,JAIBALAJI
TVSELECT,11265,TVSELECT
UPL,11287,UPL
UNIENTER,11293,UNIENTER
NV20,11457,NV20
GULFPETRO,11581,GULFPETRO
HDFCSENSEX,11593,HDFCSENSEX
LALPATHLAB,11654,LALPATHLAB
INDOCO,11677,INDOCO
ACEINTEG,11779,ACEINTEG
HPIL,11796,HPIL
GODFRYPHLP,1181,GODFRYPHLP
GLAND,1186,GLAND
IIFL,11809,IIFL
SPLIL,11935,SPLIL
GOLDIAM,11971,GOLDIAM
DOLATALGO,12124,DOLATALGO
INOXGREEN,12188,INOXGREEN
GREAVESCOT,1235,GREAVESCOT
OSIAHYPER,12635,OSIAHYPER
ROUTE,128,ROUTE
SILVER1,13082,SILVER1
COMMOIETF,13198,COMMOIETF
HCL-INSYS,1327,HCL-INSYS
UTTAMSUGAR,13376,UTTAMSUGAR
BHAGERIA,13400,BHAGERIA
ANTELOPUS,13598,ANTELOPUS
VISHWARAJ,13702,VISHWARAJ
DCBBANK,13725,DCBBANK
MANALIPETC,13796,MANALIPETC
AARTIPHARM,13868,AARTIPHARM
BANCOINDIA,13880,BANCOINDIA
CREST,13900,CREST
HBLENGINE,13966,HBLENGINE
ABSLBANETF,13987,ABSLBANETF
ASMS,14064,ASMS
TIIL,14223,TIIL
HMI150INAV,14241,HMI150INAV
PFC,14299,PFC
NAHARSPING,14440,NAHARSPING
DIVGIITTS,14479,DIVGIITTS
ABSLLIQUID,14518,ABSLLIQUID
NDLVENTURE,14547,NDLVENTURE
PHOENIXLTD,14552,PHOENIXLTD
FORTIS,14592,FORTIS
CHEMBOND,14618,CHEMBOND
ACCURACY,1465,ACCURACY
GOACARBON,14687,GOACARBON
NAGREEKEXP,14702,NAGREEKEXP
091NSETEST,14769,091NSETEST
141NSETEST,14781,141NSETEST
INDOWIND,14952,INDOWIND
INDHOTEL,1512,INDHOTEL
KOLTEPATIL,15124,KOLTEPATIL
BRIGADE,15184,BRIGADE
INDIAGLYCO,1521,INDIAGLYCO
ONMOBILE,15278,ONMOBILE
NMDC,15332,NMDC
APOLLOHOSP,157,APOLLOHOSP
INFY,1594,INFY
APOLLOTYRE,163,APOLLOTYRE
BECTORFOOD,1628,BECTORFOOD
DIGISPICE,16683,DIGISPICE
ITI,1675,ITI
ALMONDZ,16719,ALMONDZ
GVT&D,16783,GVT&D
SINDHUTRAD,16859,SINDHUTRAD
JOCIL,16927,JOCIL
COUNCODOS,16986,COUNCODOS
HMAAGRO,17053,HMAAGRO
SUMICHEM,17105,SUMICHEM
AARTECH,17145,AARTECH
ITADD,17207,ITADD
ADANIPOWER,17388,ADANIPOWER
SETF10GILT,17395,SETF10GILT
PREMEXPLN,17397,PREMEXPLN
DLINKINDIA,17851,DLINKINDIA
BAYERCROP,17927,BAYERCROP
MBLINFRA,18029,MBLINFRA
JUBLFOOD,18096,JUBLFOOD
RATNAVEER,18423,RATNAVEER
BDL,2144,BDL
APEX,21623,APEX
ICICIGI,21770,ICICIGI
NIFTYBETF,21959,NIFTYBETF
MIRCELECTR,2202,MIRCELECTR
EBBETF0431,22239,EBBETF0431
NOVAAGRI,22477,NOVAAGRI
HDFCPSUBK,22595,HDFCPSUBK
ENTERO,22717,ENTERO
MRF,2277,MRF
GPTHEALTH,22846,GPTHEALTH
SMCGLOBAL,2320,SMCGLOBAL
JAYNECOIND,2331,JAYNECOIND
LIQUIDBETF,23915,LIQUIDBETF
OMINFRAL,24231,OMINFRAL
RAILTEL,2431,RAILTEL
RELIABLE,24378,RELIABLE
NKIND,2439,NKIND
EVINDIA,24461,EVINDIA
ADL,245,ADL
RUSHIL,24595,RUSHIL
OLAELEC,24777,OLAELEC
UNIECOM,24809,UNIECOM
METALIETF,24861,METALIETF
LTF,24948,LTF
BROOKS,25136,BROOKS
SANOFICONR,25222,SANOFICONR
PGEL,25358,PGEL
DSSL,25690,DSSL
RUPA,25724,RUPA
GARUDA,25800,GARUDA
AFCONS,25977,AFCONS
LEMONTREE,2606,LEMONTREE
PCBL,2649,PCBL
AVL,25984,AVL
LIQUIDPLUS,27075,LIQUIDPLUS
KPEL,27079,KPEL
RAJSREESUG,2809,RAJSREESUG
CRAFTSMAN,2854,CRAFTSMAN
ECAPINSURE,29019,ECAPINSURE
INDUSTOWER,29135,INDUSTOWER
NEXT30ADD,29464,NEXT30ADD
PROTEAN,29472,PROTEAN
NIFTY100EW,29944,NIFTY100EW
ISHANCH,30249,ISHANCH
NIF100IETF,30392,NIF100IETF
AONELIQUID,30472,AONELIQUID
SCI,3048,SCI
MID15INAV,30475,MID15INAV
AONE50INAV,30577,AONE50INAV
STARPAPER,3291,STARPAPER
SURYAROSNI,3375,SURYAROSNI
ADOR,34,ADOR
AGARIND,3389,AGARIND
TATAPOWER,3426,TATAPOWER
TIRUMALCHM,3496,TIRUMALCHM
MAFANG,3507,MAFANG
WHEELS,3766,WHEELS
SINTERCOM,381,SINTERCOM
TNPL,3980,TNPL
CORALFINAC,4007,CORALFINAC
NAVA,4014,NAVA
GULFOILLUB,4391,GULFOILLUB
MIRZAINT,4394,MIRZAINT
RUCHINFRA,4566,RUCHINFRA
HDFCLIFE,467,HDFCLIFE
SONACOMS,4684,SONACOMS
INDRAMEDCO,4751,INDRAMEDCO
LIQUIDIETF,4838,LIQUIDIETF
INDSWFTLAB,4870,INDSWFTLAB
GANGAFORGE,4957,GANGAFORGE
GRINFRA,5054,GRINFRA
BPL,530,BPL
INDUSINDBK,5258,INDUSINDBK
YUKEN,5501,YUKEN
INTLCONV,5606,INTLCONV
CEMPRO,5622,CEMPRO
PAR,5631,PAR
ARCHIES,5688,ARCHIES
DIGJAMLMTD,6127,DIGJAMLMTD
ABREL,625,ABREL
CHAMBLFERT,637,CHAMBLFERT
IRIS,6489,IRIS
FINOPB,6579,FINOPB
SJS,6643,SJS
SMLT,6843,SMLT
BSOFT,6994,BSOFT
ACCELYA,7053,ACCELYA
TEGA,7105,TEGA
DCAL,21704,DCAL
DAVANGERE,21794,DAVANGERE
HAL,2303,HAL
GOPAL,23066,GOPAL
171NSETEST,23446,171NSETEST
NURECA,2350,NURECA
UEL,23507,UEL
INDGN,23693,INDGN
NAVNETEDUL,2385,NAVNETEDUL
TOP100INAV,24086,TOP100INAV
NILKAMAL,2421,NILKAMAL
DEEDEV,24154,DEEDEV
IVZINNIFTY,24217,IVZINNIFTY
ESTER,24265,ESTER
KARMAENG,24385,KARMAENG
FILATEX,24532,FILATEX
RVTH,25157,RVTH
PNGJL,25312,PNGJL
VASWANI,25340,VASWANI
METAL,25744,METAL
GROWWGOLD,25872,GROWWGOLD
WAAREEENER,25907,WAAREEENER
GODAVARIB,25941,GODAVARIB
AMJLAND,2598,AMJLAND
PEARLPOLY,2610,PEARLPOLY
HERANBA,2614,HERANBA
SAGILITY,27052,SAGILITY
RACLGEAR,27171,RACLGEAR
EIEL,27213,EIEL
SHRIRAMPPS,7200,SHRIRAMPPS
SETFNIFBK,7361,SETFNIFBK
WOCKPHARMA,7506,WOCKPHARMA
BLUECOAST,7480,BLUECOAST
NRBBEARING,7553,NRBBEARING
TINNARUBR,756020,TINNARUBR
THELEELA,757014,THELEELA
SNXT30BEES,757455,SNXT30BEES
ATHERENERG,757645,ATHERENERG
LIQGRWBEES,757725,LIQGRWBEES
GROWWNET,757814,GROWWNET
MOGOLD,757791,MOGOLD
MOMIDMTM,757817,MOMIDMTM
INDIQUBE,757845,INDIQUBE
EBGNG,757862,EBGNG
JSLL,758115,JSLL
QUALITY30,757946,QUALITY30
INTERNET,758595,INTERNET
MANUFGBEES,758667,MANUFGBEES
LTGILTCASE,758705,LTGILTCASE
URBANCO,759084,URBANCO
SHRINGARMS,759093,SHRINGARMS
VMSTMT,759152,VMSTMT
TRUALT,759210,TRUALT
JAINREC,759244,JAINREC
MOENERGY,759374,MOENERGY
ADVANCE,759402,ADVANCE
OMFREIGHT,759411,OMFREIGHT
ABCAPITAL,21614,ABCAPITAL
BOSCHLTD,2181,BOSCHLTD
CAPACITE,21749,CAPACITE
SBILIFE,21808,SBILIFE
BANKBETA,22440,BANKBETA
BLSE,22566,BLSE
PFS,22602,PFS
MOTOGENFIN,2268,MOTOGENFIN
PARKHOTELS,22649,PARKHOTELS
HLEGLAS,2289,HLEGLAS
181NSETEST,23447,181NSETEST
VADILALIND,24196,VADILALIND
RELAXO,24225,RELAXO
MIDHANI,2463,MIDHANI
AKUMS,24715,AKUMS
INTERARCH,24909,INTERARCH
WINDMACHIN,24969,WINDMACHIN
IBULLSLTD,24999,IBULLSLTD
ECOSMOBLTY,25060,ECOSMOBLTY
NORTHARC,25426,NORTHARC
PAISALO,25468,PAISALO
ONELIFECAP,25492,ONELIFECAP
GROWWDEFNC,25758,GROWWDEFNC
ATUL,263,ATUL
EMULTIMQ,25996,EMULTIMQ
DIVOPPBEES,2636,DIVOPPBEES
DRCSYSTEMS,2645,DRCSYSTEMS
TBZ,27037,TBZ
MTARTECH,2709,MTARTECH
SPECIALITY,27107,SPECIALITY
CINELINE,27161,CINELINE
RTNINDIA,27297,RTNINDIA
GICRE,277,GICRE
RALLIS,2816,RALLIS
RANASUG,2837,RANASUG
ANUHPHR,28314,ANUHPHR
RCF,2866,RCF
PCJEWELLER,29124,PCJEWELLER
ONESOURCE,29224,ONESOURCE
RUBYMILLS,2939,RUBYMILLS
MOSCHIP,29459,MOSCHIP
NIBE,29487,NIBE
REPCOHOME,29598,REPCOHOME
MSCIINDIA,29758,MSCIINDIA
GROWWN200,29872,GROWWN200
VIVIDHA,29877,VIVIDHA
ORIENTCEM,30089,ORIENTCEM
GLD360INAV,30126,GLD360INAV
JINDALSAW,3024,JINDALSAW
BAJAJHLDNG,305,BAJAJHLDNG
ELM250INAV,30542,ELM250INAV
SML100INAV,30544,SML100INAV
GRO250INAV,30570,GRO250INAV
RHIM,31163,RHIM
TIINDIA,312,TIINDIA
SPIC,3252,SPIC
BALRAMCHIN,341,BALRAMCHIN
SUNDARMFIN,3339,SUNDARMFIN
SUNFLAG,3348,SUNFLAG
THOMASCOOK,3481,THOMASCOOK
CLSEL,3482,CLSEL
TNPETRO,3509,TNPETRO
UNIVCABLES,3607,UNIVCABLES
TATACOMM,3721,TATACOMM
VSTIND,3724,VSTIND
TOKYOPLAST,3837,TOKYOPLAST
PANACEABIO,4055,PANACEABIO
MOTHERSON,4204,MOTHERSON
KEYFINSERV,4157,KEYFINSERV
KHADIM,425,KHADIM
WENDT,4235,WENDT
PUNJABCHEM,4344,PUNJABCHEM
KOTHARIPET,4594,KOTHARIPET
HAPPSTMNDS,48,HAPPSTMNDS
SNOWMAN,4843,SNOWMAN
CLEAN,5049,CLEAN
KPIGREEN,5108,KPIGREEN
STYLAMIND,5186,STYLAMIND
MAHAPEXLTD,5239,MAHAPEXLTD
PDSL,5264,PDSL
UTIAMC,527,UTIAMC
FMCGIETF,5306,FMCGIETF
UGROCAP,5313,UGROCAP
WINDLAS,5366,WINDLAS
AAVAS,5385,AAVAS
MOL,5394,MOL
LAGNAM,5865,LAGNAM
GULPOLY,6286,GULPOLY
NYKAA,6545,NYKAA
PAYTM,6705,PAYTM
MOLDTKPAC,6713,MOLDTKPAC
EXIDEIND,676,EXIDEIND
JINDALSTEL,6733,JINDALSTEL
FOCUS,6836,FOCUS
GREENLAM,6848,GREENLAM
DHRUV,6858,DHRUV
RPPL,6913,RPPL
LINC,6951,LINC
MEDPLUS,7254,MEDPLUS
MANAKCOAT,7413,MANAKCOAT
BIGBLOC,18431,BIGBLOC
EMSLIMITED,18593,EMSLIMITED
GROWWMOM50,756086,GROWWMOM50
ICICIPRULI,18652,ICICIPRULI
HPL,18679,HPL
WEALTH,1923,WEALTH
TCIEXP,19223,TCIEXP
LAURUSLABS,19234,LAURUSLABS
IMFA,19235,IMFA
PRAKASHSTL,19599,PRAKASHSTL
MASFIN,199,MASFIN
ADFFOODS,19761,ADFFOODS
HONASA,19813,HONASA
GREENPOWER,20110,GREENPOWER
ASHAPURMIN,203,ASHAPURMIN
LYKALABS,2028,LYKALABS
BBNPPGOLD,20547,BBNPPGOLD
SUMEETINDS,20790,SUMEETINDS
MAHSCOOTER,2085,MAHSCOOTER
MUFTI,20878,MUFTI
FMNL,21017,FMNL
STOVEKRAFT,2107,STOVEKRAFT
SHEKHAWATI,21095,SHEKHAWATI
KICL,21119,KICL
GANGESSECU,21399,GANGESSECU
THEINVEST,21427,THEINVEST
NEXT50BETA,21478,NEXT50BETA
COMSYN,21578,COMSYN
DIXON,21690,DIXON
TSFINV,2183,TSFINV
ACC,22,ACC
MAXHEALTH,22377,MAXHEALTH
LOVABLE,22415,LOVABLE
MAXIND,22428,MAXIND
PENINLAND,2256,PENINLAND
MUKKA,22980,MUKKA
SRM,23402,SRM
SINCLAIR,23480,SINCLAIR
STANLEY,24226,STANLEY
DELPHIFX,24391,DELPHIFX
DHANUKA,24409,DHANUKA
SBINEQWETF,24524,SBINEQWETF
OILIETF,24533,OILIETF
CEIGALL,24742,CEIGALL
FIRSTCRY,24814,FIRSTCRY
INVENTURE,24870,INVENTURE
SILGO,2492,SILGO
GALAPREC,25134,GALAPREC
MINDACORP,25897,MINDACORP
PFIZER,2643,PFIZER
HEXATRADEX,27008,HEXATRADEX
KMEW,27084,KMEW
SWANCORP,27095,SWANCORP
NIVABUPA,27097,NIVABUPA
PRECWIRE,2717,PRECWIRE
SAMPANN,27303,SAMPANN
SURAKSHA,27334,SURAKSHA
PRSMJOHNSN,2739,PRSMJOHNSN
INNOVANA,27754,INNOVANA
IKS,28125,IKS
RELIANCE,2885,RELIANCE
CARRARO,28879,CARRARO
GROWWRLTY,759428,GROWWRLTY
GROWWNXT50,759458,GROWWNXT50
MIDWESTLTD,759517,MIDWESTLTD
GROWWSC250,759522,GROWWSC250
GROWWMC150,759719,GROWWMC150
SHILCTECH,759847,SHILCTECH
JARO,759951,JARO
CGPOWER,760,CGPOWER
MOMNC,760054,MOMNC
MEESHO,760229,MEESHO
GOLDBND,760325,GOLDBND
ICICIAMC,760407,ICICIAMC
NEXT50ADD,760599,NEXT50ADD
HALDER,760715,HALDER
DEFENCE,761046,DEFENCE
AEPL,761330,AEPL
ALEMBICLTD,79,ALEMBICLTD
MHLXMIRU,7886,MHLXMIRU
MAKEINDIA,7979,MAKEINDIA
SHIVATEX,804,SHIVATEX
CINEVISTA,8024,CINEVISTA
MAHLIFE,8050,MAHLIFE
MIDCAP,8077,MIDCAP
SPENCERS,8163,SPENCERS
CHALET,8546,CHALET
BALAJITELE,9158,BALAJITELE
IOB,9348,IOB
TRU,9378,TRU
SILVERTUC,9422,SILVERTUC
SUBEXLTD,967,SUBEXLTD
PRUDENT,9553,PRUDENT
HIKAL,9668,HIKAL
SOUTHWEST,9678,SOUTHWEST
KPITTECH,9683,KPITTECH
EPL,981,EPL
NV20BEES,9847,NV20BEES
GOLDTECH,9874,GOLDTECH
IGIL,28378,IGIL
RANEHOLDIN,2844,RANEHOLDIN
DAMCAPITAL,28662,DAMCAPITAL
TRANSRAILL,28714,TRANSRAILL
DDEVPLSTIK,29098,DDEVPLSTIK
SAIL,2963,SAIL
SAKHTISUG,2969,SAKHTISUG
ORIENTELEC,2972,ORIENTELEC
GUJTHEM,29731,GUJTHEM
SANDESH,2988,SANDESH
SANGHIIND,2997,SANGHIIND
AXISTECETF,3010,AXISTECETF
EQUAL200,30121,EQUAL200
PRABHA,30134,PRABHA
CASHIETF,30139,CASHIETF
AXISVALUE,30155,AXISVALUE
EQUA50INAV,30503,EQUA50INAV
BORORENEW,3149,BORORENEW
SIMPLEXINF,3162,SIMPLEXINF
JTEKTINDIA,3237,JTEKTINDIA
BALMLAWRIE,338,BALMLAWRIE
SPMLINFRA,3321,SPMLINFRA
ISGEC,3329,ISGEC
BANARBEADS,347,BANARBEADS
TFCILTD,3466,TFCILTD
TECILCHEM,3453,TECILCHEM
BATAINDIA,371,BATAINDIA
VIPIND,3703,VIPIND
RITES,3761,RITES
KHAITANLTD,3912,KHAITANLTD
AEGISLOG,40,AEGISLOG
GREENPLY,3987,GREENPLY
EIMCOELECO,4040,EIMCOELECO
HBSL,4116,HBSL
IFGLEXPOR,436,IFGLEXPOR
SAMBHAAV,4127,SAMBHAAV
STERTOOLS,4299,STERTOOLS
BHEL,438,BHEL
SBCL,4656,SBCL
BIRLACABLE,477,BIRLACABLE
FDC,4898,FDC
ADROITINFO,4953,ADROITINFO
PRITIKAUTO,5292,PRITIKAUTO
ASTRAZEN,5610,ASTRAZEN
CYIENT,5748,CYIENT
PARAS,5911,PARAS
ABSLAMC,6018,ABSLAMC
PASUPTAC,6045,PASUPTAC
NATIONALUM,6364,NATIONALUM
CCHHL,6385,CCHHL
TECHNOE,6445,TECHNOE
CONSUMIETF,6446,CONSUMIETF
RSSOFTWARE,6429,RSSOFTWARE
EQUAL50ADD,6606,EQUAL50ADD
POLICYBZR,6656,POLICYBZR
CHOLAFIN,685,CHOLAFIN
SHRADHA,708,SHRADHA
HCLTECH,7229,HCLTECH
NILASPACES,7411,NILASPACES
MONQ50,7422,MONQ50
HECPROJECT,7425,HECPROJECT
MANAKSTEEL,7463,MANAKSTEEL
ZENTEC,7508,ZENTEC
NPST,756324,NPST
TRAVELFOOD,757545,TRAVELFOOD
PROSTARM,758173,PROSTARM
GROWWLOVOL,758300,GROWWLOVOL
ALLTIME,758448,ALLTIME
VIKRAN,758973,VIKRAN
GANESHCP,759012,GANESHCP
BMWVENTLTD,759256,BMWVENTLTD
RUBICON,759316,RUBICON
SYSTMTXC,759355,SYSTMTXC
FLEXIADD,759368,FLEXIADD
SILVER360,756150,SILVER360
MON50EQUAL,756900,MON50EQUAL
MOALPHA50,757669,MOALPHA50
TOP15IETF,757781,TOP15IETF
LOTUSDEV,758145,LOTUSDEV
GROWWPOWER,758165,GROWWPOWER
MOSILVER,758457,MOSILVER
JSWCEMENT,758460,JSWCEMENT
SBILIQETF,758496,SBILIQETF
RAYMONDREL,758551,RAYMONDREL
GLOBECIVIL,758572,GLOBECIVIL
AMANTA,758909,AMANTA
ORKLAINDIA,759569,ORKLAINDIA
STUDDS,759587,STUDDS
PWL,759723,PWL
GROWW,759806,GROWW
UTLSOLAR,759876,UTLSOLAR
TENNIND,759880,TENNIND
SOLARWORLD,759929,SOLARWORLD
ARSSBL,759956,ARSSBL
GLOTTIS,760116,GLOTTIS
FABTECH,760125,FABTECH
MARKOLINES,760204,MARKOLINES
SILVERBND,760328,SILVERBND
SMALLADD,760359,SMALLADD
RUDRA,760392,RUDRA
TWCGOLDETF,760482,TWCGOLDETF
ADVAIT,760657,ADVAIT
DSFCL,760891,DSFCL
FRACTAL,760961,FRACTAL
GKSL,761197,GKSL
HSBCGOLD,761506,HSBCGOLD
AUTOIETF,7844,AUTOIETF
SILVERBEES,8080,SILVERBEES
MEGASTAR,8153,MEGASTAR
PRITI,8304,PRITI
BLUESTARCO,8311,BLUESTARCO
XELPMOC,8477,XELPMOC
VRLLOG,8696,VRLLOG
KHAICHEM,896,KHAICHEM
TNIDETF,8882,TNIDETF
UMIYA-MRO,8998,UMIYA-MRO
EQUITASBNK,913,EQUITASBNK
RAINBOW,9408,RAINBOW
RVNL,9552,RVNL
ESCORTS,958,ESCORTS
METROPOLIS,9581,METROPOLIS
ETHOSLTD,9750,ETHOSLTD
EMUDHRA,9756,EMUDHRA
QUADFUTURE,29087,QUADFUTURE
NAVKARURB,29146,NAVKARURB
ITCHOTELS,29251,ITCHOTELS
MOHITIND,29423,MOHITIND
AGARWALEYE,29452,AGARWALEYE
JUBLCPL,29590,JUBLCPL
QPOWER,29711,QPOWER
WONDERLA,3002,WONDERLA
ESSENTIA,30323,ESSENTIA
VEDL,3063,VEDL
GRWN50INAV,30540,GRWN50INAV
SHREDIGCEM,3099,SHREDIGCEM
NDL,31258,NDL
TRANSWORLD,3129,TRANSWORLD
ORBTEXP,31475,ORBTEXP
CAMS,342,CAMS
SWARAJENG,3384,SWARAJENG
BANARISUG,350,BANARISUG
TORNTPHARM,3518,TORNTPHARM
TTKPRESTIG,3546,TTKPRESTIG
ROML,359,ROML
UNICHEMLAB,3579,UNICHEMLAB
UNITECH,3594,UNITECH
VENKEYS,3757,VENKEYS
GLOBE,393,GLOBE
REMSONSIND,3965,REMSONSIND
NIACL,399,NIACL
REGENCERAM,4130,REGENCERAM
JAGSNPHARM,4410,JAGSNPHARM
MPHASIS,4503,MPHASIS
BANKBARODA,4668,BANKBARODA
SHYAMMETL,4693,SHYAMMETL
INDNIPPON,4747,INDNIPPON
CONCOR,4749,CONCOR
KIMS,4847,KIMS
IRCON,4986,IRCON
SHARDACROP,4992,SHARDACROP
ANTGRAPHIC,5194,ANTGRAPHIC
BFSI,5220,BFSI
ALIVUS,5265,ALIVUS
EPIGRAL,5382,EPIGRAL
NGIL,5401,NGIL
TRIGYN,5428,TRIGYN
CHEMPLASTS,5449,CHEMPLASTS
AXISBANK,5900,AXISBANK
INTELLECT,5926,INTELLECT
LICNETFGSC,6062,LICNETFGSC
ATGL,6066,ATGL
CENTENKA,619,CENTENKA
BHAGCHEM,6164,BHAGCHEM
3IINFOLTD,6232,3IINFOLTD
BAJAJHCARE,6863,BAJAJHCARE
MENONBE,6961,MENONBE
HEMIPROP,701,HEMIPROP
JETFREIGHT,7211,JETFREIGHT
COROMANDEL,739,COROMANDEL
EVIETF,755881,EVIETF
AEGISVOPAK,757336,AEGISVOPAK
PASHUPATI,757955,PASHUPATI
KALPATARU,758558,KALPATARU
GROWWNIFTY,758697,GROWWNIFTY
AONEGOLD,758904,AONEGOLD
ABCOTS,759130,ABCOTS
TIGERLOGS,759176,TIGERLOGS
FINKURVE,759239,FINKURVE
PACEDIGITK,759342,PACEDIGITK
PATELRMART,759439,PATELRMART
ELIQUID,759466,ELIQUID
EMMVEE,759728,EMMVEE
MOIPO,759891,MOIPO
STYL,759934,STYL
LGEINDIA,760213,LGEINDIA
AEQUS,760234,AEQUS
MIDCAPADD,760356,MIDCAPADD
VITAL,761148,VITAL
MARSONS,761386,MARSONS
SINGERIND,761420,SINGERIND
VALUE,761511,VALUE
INNOVISION,761528,INNOVISION
IMAGICAA,7672,IMAGICAA
KEEPLEARN,778,KEEPLEARN
LFIC,7902,LFIC
DALBHARAT,8075,DALBHARAT
CROWN,8083,CROWN
RPSGVENT,8119,RPSGVENT
AJANTPHARM,8124,AJANTPHARM
MOLOWVOL,8654,MOLOWVOL
DRREDDY,881,DRREDDY
GAEL,8828,GAEL
RITCO,8944,RITCO
EIDPARRY,916,EIDPARRY
TIPSMUSIC,9117,TIPSMUSIC
TPLPLASTEH,9219,TPLPLASTEH
NILAINFRA,9253,NILAINFRA
CREATIVEYE,9384,CREATIVEYE
SAKAR,9539,SAKAR
MAHESHWARI,9576,MAHESHWARI
POLYCAB,9590,POLYCAB
TRIDENT,9685,TRIDENT
VIKASLIFE,9931,VIKASLIFE
CHOICEGOLD,759610,CHOICEGOLD
EUROPRATIK,759797,EUROPRATIK
MSCIADD,759978,MSCIADD
SKFINDUS,760101,SKFINDUS
SRTL,760188,SRTL
CORONA,760254,CORONA
GROWWMETAL,760438,GROWWMETAL
HEALTHCARE,760986,HEALTHCARE
ABSLMSCIN,761066,ABSLMSCIN
INA,761099,INA
BANK10ADD,761364,BANK10ADD
RSL,761439,RSL
BCPL,761494,BCPL
GROWWPSUBK,761514,GROWWPSUBK
GSPCROP,762239,GSPCROP
DCM,805,DCM
SILVER,8003,SILVER
MOMOMENTUM,8182,MOMOMENTUM
TVSMOTOR,8479,TVSMOTOR
GMRP&UI,8529,GMRP&UI
AKSHOPTFBR,8591,AKSHOPTFBR
DHAMPURSUG,857,DHAMPURSUG
SONAMLTD,8806,SONAMLTD
USHAMART,8840,USHAMART
VERANDA,8890,VERANDA
ORCHPHARMA,926,ORCHPHARMA
ARVINDFASN,9111,ARVINDFASN
ARROWGREEN,9260,ARROWGREEN
KRITIKA,9288,KRITIKA
STLTECH,9309,STLTECH
TAJGVK,9354,TAJGVK
PNCINFRA,9385,PNCINFRA
SMARTLINK,9889,SMARTLINK
AIRAN,9897,AIRAN
ALANKIT,9921,ALANKIT
EVERESTIND,993,EVERESTIND
STEL,21484,STEL
RAJMET,2168,RAJMET
AKG,2176,AKG
MACPOWER,22347,MACPOWER
GILT5BETA,22521,GILT5BETA
BANDHANBNK,2263,BANDHANBNK
CAPITALSFB,22675,CAPITALSFB
MON100,22739,MON100
IRISDOREME,2275,IRISDOREME
EXICOM,22947,EXICOM
RKSWAMY,23043,RKSWAMY
PVSL,23142,PVSL
KRYSTAL,23175,KRYSTAL
JNKINDIA,23621,JNKINDIA
BOROSCI,24014,BOROSCI
IXIGO,24067,IXIGO
BBNPNBETF,24117,BBNPNBETF
SYMPHONY,24190,SYMPHONY
ASHIANA,24403,ASHIANA
RELTD,24596,RELTD
ONWARDTEC,2481,ONWARDTEC
GSEC10ABSL,24847,GSEC10ABSL
BODALCHEM,25017,BODALCHEM
ASAHISONG,25088,ASAHISONG
TDPOWERSYS,25178,TDPOWERSYS
APLLTD,25328,APLLTD
PGHH,2535,PGHH
SHAKTIPUMP,25574,SHAKTIPUMP
KANANIIND,25786,KANANIIND
LLOYDSENT,25807,LLOYDSENT
VINCOFE,25835,VINCOFE
HYUNDAI,25844,HYUNDAI
IT,2627,IT
CHEMCON,270,CHEMCON
SWIGGY,27066,SWIGGY
PRAKASH,2708,PRAKASH
BUTTERFLY,2716,BUTTERFLY
BLACKBUCK,27144,BLACKBUCK
ROSSTECH,27353,ROSSTECH
AUTOAXLES,278,AUTOAXLES
RSWM,2794,RSWM
ARVEE,2814,ARVEE
ANURAS,2829,ANURAS
VENTIVE,28847,VENTIVE
PROZONER,28859,PROZONER
SENORES,28888,SENORES
MAYURUNIQ,28906,MAYURUNIQ
ROSSELLIND,28913,ROSSELLIND
TVSHLTD,29008,TVSHLTD
VMART,29284,VMART
MCLOUD,29482,MCLOUD
GROWWRAIL,29527,GROWWRAIL
HEXT,29666,HEXT
NIBL,29733,NIBL
JUSTDIAL,29962,JUSTDIAL
EQU200INAV,30124,EQU200INAV
SOTL,3021,SOTL
SDL26BEES,3022,SDL26BEES
SBIBPB,30290,SBIBPB
MID150,30469,MID150
SIL360INAV,30498,SIL360INAV
MONT50INAV,30502,MONT50INAV
SESHAPAPER,3066,SESHAPAPER
NEXT50INAV,30597,NEXT50INAV
SHANTIGEAR,3078,SHANTIGEAR
NBCC,31415,NBCC
LYPSAGEMS,31468,LYPSAGEMS
GILT5YBEES,3172,GILT5YBEES
LODHA,3220,LODHA
SREEL,31837,SREEL
SRF,3273,SRF
TEMBO,3275,TEMBO
BALKRISIND,335,BALKRISIND
SUNDRMFAST,3345,SUNDRMFAST
AJOONI,3403,AJOONI
TATACHEM,3405,TATACHEM
BASF,368,BASF
VESUVIUS,3676,VESUVIUS
ANMOL,3727,ANMOL
WEIZMANIND,3748,WEIZMANIND
WIPRO,3787,WIPRO
VINEETLAB,3807,VINEETLAB
ARIHANTCAP,3813,ARIHANTCAP
ZODIACLOTH,3821,ZODIACLOTH
ZUARIIND,3827,ZUARIIND
MAHLOG,385,MAHLOG
GOCLCORP,3963,GOCLCORP
PVP,4010,PVP
MARICO,4067,MARICO
INDIANCARD,4422,INDIANCARD
5PAISA,445,5PAISA
ELECTHERM,4469,ELECTHERM
AARTIDRUGS,4481,AARTIDRUGS
SIGIND,4522,SIGIND
HERITGFOOD,4598,HERITGFOOD
BANKINDIA,4745,BANKINDIA
BIRLACORPN,480,BIRLACORPN
ENGINERSIN,4907,ENGINERSIN
MAZDOCK,509,MAZDOCK
CIGNITITEC,5142,CIGNITITEC
ICICIB22,522,ICICIB22
DEVYANI,5373,DEVYANI
ASAHIINDIA,5378,ASAHIINDIA
BRITANNIA,547,BRITANNIA
APTUS,5435,APTUS
SERVOTECH,5507,SERVOTECH
KOTHARIPRO,5528,KOTHARIPRO
SHANTI,5650,SHANTI
VIJAYA,5585,VIJAYA
SANSERA,5751,SANSERA
LIKHITHA,578,LIKHITHA
CANFINHOME,583,CANFINHOME
MASPTOP50,5782,MASPTOP50
CARBORUNIV,595,CARBORUNIV
SIKKO,6218,SIKKO
SELMC,6262,SELMC
IGARASHI,634,IGARASHI
NIFTYETF,6353,NIFTYETF
MANORG,6422,MANORG
GRPLTD,6543,GRPLTD
SONATSOFTW,6596,SONATSOFTW
SIGACHI,6663,SIGACHI
IVC,6711,IVC
SBC,6792,SBC
LATENTVIEW,6818,LATENTVIEW
AARTIIND,7,AARTIIND
SUDARCOLOR,715,SUDARCOLOR
JTLIND,7287,JTLIND
DATAPATTNS,7358,DATAPATTNS
KRISHIVAL,756782,KRISHIVAL
PICCADIL,757754,PICCADIL
IGCL,757801,IGCL
CHEMBONDCH,757989,CHEMBONDCH
ARFIN,758700,ARFIN
SGFIN,758853,SGFIN
LAXMIINDIA,758863,LAXMIINDIA
CPEDU,758941,CPEDU
SML100CASE,758955,SML100CASE
GCSL,758986,GCSL
RHETAN,759062,RHETAN
HILINFRA,759103,HILINFRA
JKIPL,759205,JKIPL
NIFTYCASE,759302,NIFTYCASE
VIKRAMSOLR,759453,VIKRAMSOLR
SHIVAUM,759747,SHIVAUM
MODIS,759752,MODIS
CHEMICAL,759885,CHEMICAL
AONETMMQ50,759992,AONETMMQ50
ENIFTY,759998,ENIFTY
EXCELSOFT,760007,EXCELSOFT
CLEANMAX,760183,CLEANMAX
ABSL10BANK,760247,ABSL10BANK
DIVIDEND,760412,DIVIDEND
KSHINTL,760433,KSHINTL
GROWWCHEM,760673,GROWWCHEM
BHARATCOAL,760726,BHARATCOAL
GROWWPSE,760976,GROWWPSE
AYE,760981,AYE
GICL,761025,GICL
INFRA,761030,INFRA
SHADOWFAX,761469,SHADOWFAX
SHREERAMA,7627,SHREERAMA
BYKE,7919,BYKE
DCMSHRIRAM,811,DCMSHRIRAM
SILVERIETF,7942,SILVERIETF
MSUMI,8596,MSUMI
LOWVOL1,8632,LOWVOL1
VETO,8652,VETO
EICHERMOT,910,EICHERMOT
ROTO,9049,ROTO
INDOAMIN,9116,INDOAMIN
STARTECK,9305,STARTECK
CAMPUS,9362,CAMPUS
ELGIEQUIP,937,ELGIEQUIP
PGHL,940,PGHL
ESABINDIA,955,ESABINDIA
VENUSPIPES,9592,VENUSPIPES
KHANDSE,9641,KHANDSE
EUROTEXIND,999,EUROTEXIND
